<?xml version="1.0" encoding="UTF-8" standalone="yes" ?><hh:head xmlns:ha="http://www.hancom.co.kr/hwpml/2011/app" xmlns:hp="http://www.hancom.co.kr/hwpml/2011/paragraph" xmlns:hp10="http://www.hancom.co.kr/hwpml/2016/paragraph" xmlns:hs="http://www.hancom.co.kr/hwpml/2011/section" xmlns:hc="http://www.hancom.co.kr/hwpml/2011/core" xmlns:hh="http://www.hancom.co.kr/hwpml/2011/head" xmlns:hhs="http://www.hancom.co.kr/hwpml/2011/history" xmlns:hm="http://www.hancom.co.kr/hwpml/2011/master-page" xmlns:hpf="http://www.hancom.co.kr/schema/2011/hpf" xmlns:dc="http://purl.org/dc/elements/1.1/" xmlns:opf="http://www.idpf.org/2007/opf/" xmlns:ooxmlchart="http://www.hancom.co.kr/hwpml/2016/ooxmlchart" xmlns:hwpunitchar="http://www.hancom.co.kr/hwpml/2016/HwpUnitChar" xmlns:epub="http://www.idpf.org/2007/ops" xmlns:config="urn:oasis:names:tc:opendocument:xmlns:config:1.0" version="1.5" secCnt="1"><hh:beginNum page="1" footnote="1" endnote="1" pic="1" tbl="1" equation="1"/><hh:refList><hh:fontfaces itemCnt="7"><hh:fontface lang="HANGUL" fontCnt="10"><hh:font id="0" face="굴림" type="TTF" isEmbedded="0"><hh:typeInfo familyType="FCAT_GOTHIC" weight="6" proportion="0" contrast="0" strokeVariation="1" armStyle="1" letterform="1" midline="1" xHeight="1"/></hh:font><hh:font id="1" face="돋움" type="TTF" isEmbedded="0"><hh:typeInfo familyType="FCAT_GOTHIC" weight="6" proportion="0" contrast="0" strokeVariation="1" armStyle="1" letterform="1" midline="1" xHeight="1"/></hh:font><hh:font id="2" face="돋움체" type="TTF" isEmbedded="0"><hh:typeInfo familyType="FCAT_GOTHIC" weight="6" proportion="9" contrast="0" strokeVariation="1" armStyle="1" letterform="1" midline="1" xHeight="1"/></hh:font><hh:font id="3" face="함초롬돋움" type="TTF" isEmbedded="0"><hh:typeInfo familyType="FCAT_GOTHIC" weight="6" proportion="4" contrast="0" strokeVariation="1" armStyle="1" letterform="1" midline="1" xHeight="1"/></hh:font><hh:font id="4" face="함초롬바탕" type="TTF" isEmbedded="0"><hh:typeInfo familyType="FCAT_GOTHIC" weight="6" proportion="4" contrast="0" strokeVariation="1" armStyle="1" letterform="1" midline="1" xHeight="1"/></hh:font><hh:font id="5" face="HY헤드라인M" type="TTF" isEmbedded="0"><hh:typeInfo familyType="FCAT_GOTHIC" weight="6" proportion="0" contrast="0" strokeVariation="1" armStyle="1" letterform="1" midline="1" xHeight="1"/></hh:font><hh:font id="6" face="신명 중명조" type="HFT" isEmbedded="0"><hh:typeInfo familyType="FCAT_MYUNGJO" weight="0" proportion="0" contrast="0" strokeVariation="0" armStyle="0" letterform="0" midline="0" xHeight="0"/></hh:font><hh:font id="7" face="신명 태고딕" type="HFT" isEmbedded="0"><hh:typeInfo familyType="FCAT_GOTHIC" weight="0" proportion="0" contrast="0" strokeVariation="0" armStyle="0" letterform="0" midline="0" xHeight="0"/></hh:font><hh:font id="8" face="한양견고딕" type="HFT" isEmbedded="0"><hh:typeInfo familyType="FCAT_GOTHIC" weight="0" proportion="0" contrast="0" strokeVariation="0" armStyle="0" letterform="0" midline="0" xHeight="0"/></hh:font><hh:font id="9" face="한양신명조" type="HFT" isEmbedded="0"><hh:typeInfo familyType="FCAT_MYUNGJO" weight="0" proportion="0" contrast="0" strokeVariation="0" armStyle="0" letterform="0" midline="0" xHeight="0"/></hh:font></hh:fontface><hh:fontface lang="LATIN" fontCnt="10"><hh:font id="0" face="굴림" type="TTF" isEmbedded="0"><hh:typeInfo familyType="FCAT_GOTHIC" weight="6" proportion="0" contrast="0" strokeVariation="1" armStyle="1" letterform="1" midline="1" xHeight="1"/></hh:font><hh:font id="1" face="돋움" type="TTF" isEmbedded="0"><hh:typeInfo familyType="FCAT_GOTHIC" weight="6" proportion="0" contrast="0" strokeVariation="1" armStyle="1" letterform="1" midline="1" xHeight="1"/></hh:font><hh:font id="2" face="돋움체" type="TTF" isEmbedded="0"><hh:typeInfo familyType="FCAT_GOTHIC" weight="6" proportion="9" contrast="0" strokeVariation="1" armStyle="1" letterform="1" midline="1" xHeight="1"/></hh:font><hh:font id="3" face="함초롬돋움" type="TTF" isEmbedded="0"><hh:typeInfo familyType="FCAT_GOTHIC" weight="6" proportion="4" contrast="0" strokeVariation="1" armStyle="1" letterform="1" midline="1" xHeight="1"/></hh:font><hh:font id="4" face="함초롬바탕" type="TTF" isEmbedded="0"><hh:typeInfo familyType="FCAT_GOTHIC" weight="6" proportion="4" contrast="0" strokeVariation="1" armStyle="1" letterform="1" midline="1" xHeight="1"/></hh:font><hh:font id="5" face="HY헤드라인M" type="TTF" isEmbedded="0"><hh:typeInfo familyType="FCAT_GOTHIC" weight="6" proportion="0" contrast="0" strokeVariation="1" armStyle="1" letterform="1" midline="1" xHeight="1"/></hh:font><hh:font id="6" face="신명 중명조" type="HFT" isEmbedded="0"><hh:typeInfo familyType="FCAT_MYUNGJO" weight="0" proportion="0" contrast="0" strokeVariation="0" armStyle="0" letterform="0" midline="0" xHeight="0"/></hh:font><hh:font id="7" face="신명 태고딕" type="HFT" isEmbedded="0"><hh:typeInfo familyType="FCAT_GOTHIC" weight="0" proportion="0" contrast="0" strokeVariation="0" armStyle="0" letterform="0" midline="0" xHeight="0"/></hh:font><hh:font id="8" face="한양견고딕" type="HFT" isEmbedded="0"><hh:typeInfo familyType="FCAT_GOTHIC" weight="0" proportion="0" contrast="0" strokeVariation="0" armStyle="0" letterform="0" midline="0" xHeight="0"/></hh:font><hh:font id="9" face="한양신명조" type="HFT" isEmbedded="0"><hh:typeInfo familyType="FCAT_MYUNGJO" weight="0" proportion="0" contrast="0" strokeVariation="0" armStyle="0" letterform="0" midline="0" xHeight="0"/></hh:font></hh:fontface><hh:fontface lang="HANJA" fontCnt="10"><hh:font id="0" face="돋움" type="TTF" isEmbedded="0"><hh:typeInfo familyType="FCAT_GOTHIC" weight="6" proportion="0" contrast="0" strokeVariation="1" armStyle="1" letterform="1" midline="1" xHeight="1"/></hh:font><hh:font id="1" face="돋움체" type="TTF" isEmbedded="0"><hh:typeInfo familyType="FCAT_GOTHIC" weight="6" proportion="9" contrast="0" strokeVariation="1" armStyle="1" letterform="1" midline="1" xHeight="1"/></hh:font><hh:font id="2" face="한컴바탕" type="TTF" isEmbedded="0"><hh:typeInfo familyType="FCAT_GOTHIC" weight="6" proportion="0" contrast="0" strokeVariation="1" armStyle="1" letterform="1" midline="1" xHeight="1"/></hh:font><hh:font id="3" face="함초롬돋움" type="TTF" isEmbedded="0"><hh:typeInfo familyType="FCAT_GOTHIC" weight="6" proportion="4" contrast="0" strokeVariation="1" armStyle="1" letterform="1" midline="1" xHeight="1"/></hh:font><hh:font id="4" face="함초롬바탕" type="TTF" isEmbedded="0"><hh:typeInfo familyType="FCAT_GOTHIC" weight="6" proportion="4" contrast="0" strokeVariation="1" armStyle="1" letterform="1" midline="1" xHeight="1"/></hh:font><hh:font id="5" face="HY헤드라인M" type="TTF" isEmbedded="0"><hh:typeInfo familyType="FCAT_GOTHIC" weight="6" proportion="0" contrast="0" strokeVariation="1" armStyle="1" letterform="1" midline="1" xHeight="1"/></hh:font><hh:font id="6" face="신명 중명조" type="HFT" isEmbedded="0"><hh:typeInfo familyType="FCAT_MYUNGJO" weight="0" proportion="0" contrast="0" strokeVariation="0" armStyle="0" letterform="0" midline="0" xHeight="0"/></hh:font><hh:font id="7" face="신명 태고딕" type="HFT" isEmbedded="0"><hh:typeInfo familyType="FCAT_GOTHIC" weight="0" proportion="0" contrast="0" strokeVariation="0" armStyle="0" letterform="0" midline="0" xHeight="0"/></hh:font><hh:font id="8" face="한양신명조" type="HFT" isEmbedded="0"><hh:typeInfo familyType="FCAT_MYUNGJO" weight="0" proportion="0" contrast="0" strokeVariation="0" armStyle="0" letterform="0" midline="0" xHeight="0"/></hh:font><hh:font id="9" face="한양중고딕" type="HFT" isEmbedded="0"><hh:typeInfo familyType="FCAT_GOTHIC" weight="0" proportion="0" contrast="0" strokeVariation="0" armStyle="0" letterform="0" midline="0" xHeight="0"/></hh:font></hh:fontface><hh:fontface lang="JAPANESE" fontCnt="10"><hh:font id="0" face="돋움" type="TTF" isEmbedded="0"><hh:typeInfo familyType="FCAT_GOTHIC" weight="6" proportion="0" contrast="0" strokeVariation="1" armStyle="1" letterform="1" midline="1" xHeight="1"/></hh:font><hh:font id="1" face="돋움체" type="TTF" isEmbedded="0"><hh:typeInfo familyType="FCAT_GOTHIC" weight="6" proportion="9" contrast="0" strokeVariation="1" armStyle="1" letterform="1" midline="1" xHeight="1"/></hh:font><hh:font id="2" face="한컴바탕" type="TTF" isEmbedded="0"><hh:typeInfo familyType="FCAT_GOTHIC" weight="6" proportion="0" contrast="0" strokeVariation="1" armStyle="1" letterform="1" midline="1" xHeight="1"/></hh:font><hh:font id="3" face="함초롬돋움" type="TTF" isEmbedded="0"><hh:typeInfo familyType="FCAT_GOTHIC" weight="6" proportion="4" contrast="0" strokeVariation="1" armStyle="1" letterform="1" midline="1" xHeight="1"/></hh:font><hh:font id="4" face="함초롬바탕" type="TTF" isEmbedded="0"><hh:typeInfo familyType="FCAT_GOTHIC" weight="6" proportion="4" contrast="0" strokeVariation="1" armStyle="1" letterform="1" midline="1" xHeight="1"/></hh:font><hh:font id="5" face="HY헤드라인M" type="TTF" isEmbedded="0"><hh:typeInfo familyType="FCAT_GOTHIC" weight="6" proportion="0" contrast="0" strokeVariation="1" armStyle="1" letterform="1" midline="1" xHeight="1"/></hh:font><hh:font id="6" face="신명 신명조" type="HFT" isEmbedded="0"><hh:typeInfo familyType="FCAT_MYUNGJO" weight="0" proportion="0" contrast="0" strokeVariation="0" armStyle="0" letterform="0" midline="0" xHeight="0"/></hh:font><hh:font id="7" face="신명 태고딕" type="HFT" isEmbedded="0"><hh:typeInfo familyType="FCAT_GOTHIC" weight="0" proportion="0" contrast="0" strokeVariation="0" armStyle="0" letterform="0" midline="0" xHeight="0"/></hh:font><hh:font id="8" face="한양신명조" type="HFT" isEmbedded="0"><hh:typeInfo familyType="FCAT_MYUNGJO" weight="0" proportion="0" contrast="0" strokeVariation="0" armStyle="0" letterform="0" midline="0" xHeight="0"/></hh:font><hh:font id="9" face="한양중고딕" type="HFT" isEmbedded="0"><hh:typeInfo familyType="FCAT_GOTHIC" weight="0" proportion="0" contrast="0" strokeVariation="0" armStyle="0" letterform="0" midline="0" xHeight="0"/></hh:font></hh:fontface><hh:fontface lang="OTHER" fontCnt="8"><hh:font id="0" face="돋움" type="TTF" isEmbedded="0"><hh:typeInfo familyType="FCAT_GOTHIC" weight="6" proportion="4" contrast="2" strokeVariation="2" armStyle="2" letterform="2" midline="2" xHeight="4"/></hh:font><hh:font id="1" face="돋움체" type="TTF" isEmbedded="0"><hh:typeInfo familyType="FCAT_GOTHIC" weight="6" proportion="4" contrast="2" strokeVariation="2" armStyle="2" letterform="2" midline="2" xHeight="4"/></hh:font><hh:font id="2" face="바탕" type="TTF" isEmbedded="0"><hh:typeInfo familyType="FCAT_GOTHIC" weight="6" proportion="4" contrast="2" strokeVariation="2" armStyle="2" letterform="2" midline="2" xHeight="4"/></hh:font><hh:font id="3" face="한컴바탕" type="TTF" isEmbedded="0"><hh:typeInfo familyType="FCAT_GOTHIC" weight="6" proportion="0" contrast="0" strokeVariation="1" armStyle="1" letterform="1" midline="1" xHeight="1"/></hh:font><hh:font id="4" face="함초롬돋움" type="TTF" isEmbedded="0"><hh:typeInfo familyType="FCAT_GOTHIC" weight="6" proportion="4" contrast="0" strokeVariation="1" armStyle="1" letterform="1" midline="1" xHeight="1"/></hh:font><hh:font id="5" face="함초롬바탕" type="TTF" isEmbedded="0"><hh:typeInfo familyType="FCAT_GOTHIC" weight="6" proportion="4" contrast="0" strokeVariation="1" armStyle="1" letterform="1" midline="1" xHeight="1"/></hh:font><hh:font id="6" face="HY헤드라인M" type="TTF" isEmbedded="0"><hh:typeInfo familyType="FCAT_GOTHIC" weight="6" proportion="4" contrast="2" strokeVariation="2" armStyle="2" letterform="2" midline="2" xHeight="4"/></hh:font><hh:font id="7" face="한양신명조" type="HFT" isEmbedded="0"><hh:typeInfo familyType="FCAT_MYUNGJO" weight="0" proportion="0" contrast="0" strokeVariation="0" armStyle="0" letterform="0" midline="0" xHeight="0"/></hh:font></hh:fontface><hh:fontface lang="SYMBOL" fontCnt="10"><hh:font id="0" face="돋움" type="TTF" isEmbedded="0"><hh:typeInfo familyType="FCAT_GOTHIC" weight="6" proportion="0" contrast="0" strokeVariation="1" armStyle="1" letterform="1" midline="1" xHeight="1"/></hh:font><hh:font id="1" face="돋움체" type="TTF" isEmbedded="0"><hh:typeInfo familyType="FCAT_GOTHIC" weight="6" proportion="9" contrast="0" strokeVariation="1" armStyle="1" letterform="1" midline="1" xHeight="1"/></hh:font><hh:font id="2" face="바탕" type="TTF" isEmbedded="0"><hh:typeInfo familyType="FCAT_GOTHIC" weight="6" proportion="0" contrast="0" strokeVariation="1" armStyle="1" letterform="1" midline="1" xHeight="1"/></hh:font><hh:font id="3" face="한컴바탕" type="TTF" isEmbedded="0"><hh:typeInfo familyType="FCAT_GOTHIC" weight="6" proportion="0" contrast="0" strokeVariation="1" armStyle="1" letterform="1" midline="1" xHeight="1"/></hh:font><hh:font id="4" face="함초롬돋움" type="TTF" isEmbedded="0"><hh:typeInfo familyType="FCAT_GOTHIC" weight="6" proportion="4" contrast="0" strokeVariation="1" armStyle="1" letterform="1" midline="1" xHeight="1"/></hh:font><hh:font id="5" face="함초롬바탕" type="TTF" isEmbedded="0"><hh:typeInfo familyType="FCAT_GOTHIC" weight="6" proportion="4" contrast="0" strokeVariation="1" armStyle="1" letterform="1" midline="1" xHeight="1"/></hh:font><hh:font id="6" face="HY헤드라인M" type="TTF" isEmbedded="0"><hh:typeInfo familyType="FCAT_GOTHIC" weight="6" proportion="0" contrast="0" strokeVariation="1" armStyle="1" letterform="1" midline="1" xHeight="1"/></hh:font><hh:font id="7" face="#태고딕" type="HFT" isEmbedded="0"><hh:typeInfo familyType="FCAT_GOTHIC" weight="0" proportion="0" contrast="0" strokeVariation="0" armStyle="0" letterform="0" midline="0" xHeight="0"/></hh:font><hh:font id="8" face="한양신명조" type="HFT" isEmbedded="0"><hh:typeInfo familyType="FCAT_MYUNGJO" weight="0" proportion="0" contrast="0" strokeVariation="0" armStyle="0" letterform="0" midline="0" xHeight="0"/></hh:font><hh:font id="9" face="한양중고딕" type="HFT" isEmbedded="0"><hh:typeInfo familyType="FCAT_GOTHIC" weight="0" proportion="0" contrast="0" strokeVariation="0" armStyle="0" letterform="0" midline="0" xHeight="0"/></hh:font></hh:fontface><hh:fontface lang="USER" fontCnt="8"><hh:font id="0" face="돋움" type="TTF" isEmbedded="0"><hh:typeInfo familyType="FCAT_GOTHIC" weight="6" proportion="0" contrast="0" strokeVariation="1" armStyle="1" letterform="1" midline="1" xHeight="1"/></hh:font><hh:font id="1" face="돋움체" type="TTF" isEmbedded="0"><hh:typeInfo familyType="FCAT_GOTHIC" weight="6" proportion="9" contrast="0" strokeVariation="1" armStyle="1" letterform="1" midline="1" xHeight="1"/></hh:font><hh:font id="2" face="바탕" type="TTF" isEmbedded="0"><hh:typeInfo familyType="FCAT_GOTHIC" weight="6" proportion="0" contrast="0" strokeVariation="1" armStyle="1" letterform="1" midline="1" xHeight="1"/></hh:font><hh:font id="3" face="한컴바탕" type="TTF" isEmbedded="0"><hh:typeInfo familyType="FCAT_GOTHIC" weight="6" proportion="0" contrast="0" strokeVariation="1" armStyle="1" letterform="1" midline="1" xHeight="1"/></hh:font><hh:font id="4" face="함초롬돋움" type="TTF" isEmbedded="0"><hh:typeInfo familyType="FCAT_GOTHIC" weight="6" proportion="4" contrast="0" strokeVariation="1" armStyle="1" letterform="1" midline="1" xHeight="1"/></hh:font><hh:font id="5" face="함초롬바탕" type="TTF" isEmbedded="0"><hh:typeInfo familyType="FCAT_GOTHIC" weight="6" proportion="4" contrast="0" strokeVariation="1" armStyle="1" letterform="1" midline="1" xHeight="1"/></hh:font><hh:font id="6" face="HY헤드라인M" type="TTF" isEmbedded="0"><hh:typeInfo familyType="FCAT_GOTHIC" weight="6" proportion="0" contrast="0" strokeVariation="1" armStyle="1" letterform="1" midline="1" xHeight="1"/></hh:font><hh:font id="7" face="명조" type="HFT" isEmbedded="0"><hh:typeInfo familyType="FCAT_MYUNGJO" weight="0" proportion="0" contrast="0" strokeVariation="0" armStyle="0" letterform="0" midline="0" xHeight="0"/></hh:font></hh:fontface></hh:fontfaces><hh:borderFills itemCnt="18"><hh:borderFill id="1" threeD="0" shadow="0" centerLine="NONE" breakCellSeparateLine="0"><hh:slash type="NONE" Crooked="0" isCounter="0"/><hh:backSlash type="NONE" Crooked="0" isCounter="0"/><hh:leftBorder type="NONE" width="0.1 mm" color="#000000"/><hh:rightBorder type="NONE" width="0.1 mm" color="#000000"/><hh:topBorder type="NONE" width="0.1 mm" color="#000000"/><hh:bottomBorder type="NONE" width="0.1 mm" color="#000000"/><hh:diagonal type="SOLID" width="0.1 mm" color="#000000"/></hh:borderFill><hh:borderFill id="2" threeD="0" shadow="0" centerLine="NONE" breakCellSeparateLine="0"><hh:slash type="NONE" Crooked="0" isCounter="0"/><hh:backSlash type="NONE" Crooked="0" isCounter="0"/><hh:leftBorder type="NONE" width="0.1 mm" color="#000000"/><hh:rightBorder type="NONE" width="0.1 mm" color="#000000"/><hh:topBorder type="NONE" width="0.1 mm" color="#000000"/><hh:bottomBorder type="NONE" width="0.1 mm" color="#000000"/><hh:diagonal type="SOLID" width="0.1 mm" color="#000000"/><hc:fillBrush><hc:winBrush faceColor="none" hatchColor="#FF000000" alpha="0"/></hc:fillBrush></hh:borderFill><hh:borderFill id="3" threeD="0" shadow="0" centerLine="NONE" breakCellSeparateLine="0"><hh:slash type="NONE" Crooked="0" isCounter="0"/><hh:backSlash type="NONE" Crooked="0" isCounter="0"/><hh:leftBorder type="SOLID" width="0.12 mm" color="#000000"/><hh:rightBorder type="SOLID" width="0.12 mm" color="#000000"/><hh:topBorder type="SOLID" width="0.12 mm" color="#000000"/><hh:bottomBorder type="SOLID" width="0.12 mm" color="#000000"/></hh:borderFill><hh:borderFill id="4" threeD="0" shadow="0" centerLine="NONE" breakCellSeparateLine="0"><hh:slash type="NONE" Crooked="0" isCounter="0"/><hh:backSlash type="NONE" Crooked="0" isCounter="0"/><hh:leftBorder type="SOLID" width="0.12 mm" color="#7F7F7F"/><hh:rightBorder type="SOLID" width="0.12 mm" color="#7F7F7F"/><hh:topBorder type="SOLID" width="0.12 mm" color="#7F7F7F"/><hh:bottomBorder type="SOLID" width="0.12 mm" color="#7F7F7F"/></hh:borderFill><hh:borderFill id="5" threeD="0" shadow="0" centerLine="NONE" breakCellSeparateLine="0"><hh:slash type="NONE" Crooked="0" isCounter="0"/><hh:backSlash type="NONE" Crooked="0" isCounter="0"/><hh:leftBorder type="SOLID" width="0.4 mm" color="#7F7F7F"/><hh:rightBorder type="SOLID" width="0.12 mm" color="#7F7F7F"/><hh:topBorder type="SOLID" width="0.12 mm" color="#7F7F7F"/><hh:bottomBorder type="SOLID" width="0.12 mm" color="#7F7F7F"/></hh:borderFill><hh:borderFill id="6" threeD="0" shadow="0" centerLine="NONE" breakCellSeparateLine="0"><hh:slash type="NONE" Crooked="0" isCounter="0"/><hh:backSlash type="NONE" Crooked="0" isCounter="0"/><hh:leftBorder type="SOLID" width="0.12 mm" color="#7F7F7F"/><hh:rightBorder type="SOLID" width="0.4 mm" color="#7F7F7F"/><hh:topBorder type="SOLID" width="0.12 mm" color="#7F7F7F"/><hh:bottomBorder type="SOLID" width="0.12 mm" color="#7F7F7F"/></hh:borderFill><hh:borderFill id="7" threeD="0" shadow="0" centerLine="NONE" breakCellSeparateLine="0"><hh:slash type="NONE" Crooked="0" isCounter="0"/><hh:backSlash type="NONE" Crooked="0" isCounter="0"/><hh:leftBorder type="NONE" width="0.12 mm" color="#000000"/><hh:rightBorder type="NONE" width="0.12 mm" color="#000000"/><hh:topBorder type="NONE" width="0.12 mm" color="#000000"/><hh:bottomBorder type="SOLID" width="0.4 mm" color="#7F7F7F"/></hh:borderFill><hh:borderFill id="8" threeD="0" shadow="0" centerLine="NONE" breakCellSeparateLine="0"><hh:slash type="NONE" Crooked="0" isCounter="0"/><hh:backSlash type="NONE" Crooked="0" isCounter="0"/><hh:leftBorder type="NONE" width="0.12 mm" color="#000000"/><hh:rightBorder type="NONE" width="0.12 mm" color="#000000"/><hh:topBorder type="NONE" width="0.4 mm" color="#999999"/><hh:bottomBorder type="NONE" width="0.12 mm" color="#000000"/></hh:borderFill><hh:borderFill id="9" threeD="0" shadow="0" centerLine="NONE" breakCellSeparateLine="0"><hh:slash type="NONE" Crooked="0" isCounter="0"/><hh:backSlash type="NONE" Crooked="0" isCounter="0"/><hh:leftBorder type="SOLID" width="0.4 mm" color="#7F7F7F"/><hh:rightBorder type="NONE" width="0.12 mm" color="#7F7F7F"/><hh:topBorder type="NONE" width="0.12 mm" color="#7F7F7F"/><hh:bottomBorder type="SOLID" width="0.4 mm" color="#999999"/></hh:borderFill><hh:borderFill id="10" threeD="0" shadow="0" centerLine="NONE" breakCellSeparateLine="0"><hh:slash type="NONE" Crooked="0" isCounter="0"/><hh:backSlash type="NONE" Crooked="0" isCounter="0"/><hh:leftBorder type="NONE" width="0.12 mm" color="#7F7F7F"/><hh:rightBorder type="NONE" width="0.12 mm" color="#7F7F7F"/><hh:topBorder type="NONE" width="0.12 mm" color="#7F7F7F"/><hh:bottomBorder type="SOLID" width="0.4 mm" color="#999999"/></hh:borderFill><hh:borderFill id="11" threeD="0" shadow="0" centerLine="NONE" breakCellSeparateLine="0"><hh:slash type="NONE" Crooked="0" isCounter="0"/><hh:backSlash type="NONE" Crooked="0" isCounter="0"/><hh:leftBorder type="NONE" width="0.12 mm" color="#7F7F7F"/><hh:rightBorder type="SOLID" width="0.4 mm" color="#7F7F7F"/><hh:topBorder type="NONE" width="0.12 mm" color="#7F7F7F"/><hh:bottomBorder type="SOLID" width="0.4 mm" color="#999999"/></hh:borderFill><hh:borderFill id="12" threeD="0" shadow="0" centerLine="NONE" breakCellSeparateLine="0"><hh:slash type="NONE" Crooked="0" isCounter="0"/><hh:backSlash type="NONE" Crooked="0" isCounter="0"/><hh:leftBorder type="NONE" width="0.4 mm" color="#999999"/><hh:rightBorder type="NONE" width="0.4 mm" color="#999999"/><hh:topBorder type="SOLID" width="0.4 mm" color="#999999"/><hh:bottomBorder type="NONE" width="0.4 mm" color="#999999"/></hh:borderFill><hh:borderFill id="13" threeD="0" shadow="0" centerLine="NONE" breakCellSeparateLine="0"><hh:slash type="NONE" Crooked="0" isCounter="0"/><hh:backSlash type="NONE" Crooked="0" isCounter="0"/><hh:leftBorder type="SOLID" width="0.4 mm" color="#7F7F7F"/><hh:rightBorder type="SOLID" width="0.4 mm" color="#7F7F7F"/><hh:topBorder type="SOLID" width="0.4 mm" color="#7F7F7F"/><hh:bottomBorder type="SOLID" width="0.12 mm" color="#7F7F7F"/></hh:borderFill><hh:borderFill id="14" threeD="0" shadow="0" centerLine="NONE" breakCellSeparateLine="0"><hh:slash type="NONE" Crooked="0" isCounter="0"/><hh:backSlash type="NONE" Crooked="0" isCounter="0"/><hh:leftBorder type="SOLID" width="0.4 mm" color="#7F7F7F"/><hh:rightBorder type="SOLID" width="0.4 mm" color="#7F7F7F"/><hh:topBorder type="SOLID" width="0.12 mm" color="#7F7F7F"/><hh:bottomBorder type="SOLID" width="0.12 mm" color="#7F7F7F"/></hh:borderFill><hh:borderFill id="15" threeD="0" shadow="0" centerLine="NONE" breakCellSeparateLine="0"><hh:slash type="NONE" Crooked="0" isCounter="0"/><hh:backSlash type="NONE" Crooked="0" isCounter="0"/><hh:leftBorder type="SOLID" width="0.4 mm" color="#7F7F7F"/><hh:rightBorder type="SOLID" width="0.4 mm" color="#7F7F7F"/><hh:topBorder type="SOLID" width="0.12 mm" color="#7F7F7F"/><hh:bottomBorder type="NONE" width="0.12 mm" color="#7F7F7F"/></hh:borderFill><hh:borderFill id="16" threeD="0" shadow="0" centerLine="NONE" breakCellSeparateLine="0"><hh:slash type="NONE" Crooked="0" isCounter="0"/><hh:backSlash type="NONE" Crooked="0" isCounter="0"/><hh:leftBorder type="SOLID" width="0.4 mm" color="#7F7F7F"/><hh:rightBorder type="NONE" width="0.12 mm" color="#7F7F7F"/><hh:topBorder type="NONE" width="0.12 mm" color="#7F7F7F"/><hh:bottomBorder type="NONE" width="0.12 mm" color="#7F7F7F"/></hh:borderFill><hh:borderFill id="17" threeD="0" shadow="0" centerLine="NONE" breakCellSeparateLine="0"><hh:slash type="NONE" Crooked="0" isCounter="0"/><hh:backSlash type="NONE" Crooked="0" isCounter="0"/><hh:leftBorder type="NONE" width="0.12 mm" color="#7F7F7F"/><hh:rightBorder type="NONE" width="0.12 mm" color="#7F7F7F"/><hh:topBorder type="NONE" width="0.12 mm" color="#7F7F7F"/><hh:bottomBorder type="NONE" width="0.12 mm" color="#7F7F7F"/></hh:borderFill><hh:borderFill id="18" threeD="0" shadow="0" centerLine="NONE" breakCellSeparateLine="0"><hh:slash type="NONE" Crooked="0" isCounter="0"/><hh:backSlash type="NONE" Crooked="0" isCounter="0"/><hh:leftBorder type="NONE" width="0.12 mm" color="#7F7F7F"/><hh:rightBorder type="SOLID" width="0.4 mm" color="#7F7F7F"/><hh:topBorder type="NONE" width="0.12 mm" color="#7F7F7F"/><hh:bottomBorder type="NONE" width="0.12 mm" color="#7F7F7F"/></hh:borderFill></hh:borderFills><hh:charProperties itemCnt="20"><hh:charPr id="0" height="1400" textColor="#000000" shadeColor="none" useFontSpace="0" useKerning="0" symMark="NONE" borderFillIDRef="1"><hh:fontRef hangul="9" latin="9" hanja="8" japanese="8" other="7" symbol="8" user="7"/><hh:ratio hangul="100" latin="100" hanja="100" japanese="100" other="100" symbol="100" user="100"/><hh:spacing hangul="0" latin="0" hanja="0" japanese="0" other="0" symbol="0" user="0"/><hh:relSz hangul="100" latin="100" hanja="100" japanese="100" other="100" symbol="100" user="100"/><hh:offset hangul="0" latin="0" hanja="0" japanese="0" other="0" symbol="0" user="0"/><hh:underline type="NONE" shape="SOLID" color="#000000"/><hh:strikeout shape="NONE" color="#000000"/><hh:outline type="NONE"/><hh:shadow type="NONE" color="#C0C0C0" offsetX="10" offsetY="10"/></hh:charPr><hh:charPr id="1" height="1000" textColor="#000000" shadeColor="none" useFontSpace="0" useKerning="0" symMark="NONE" borderFillIDRef="2"><hh:fontRef hangul="4" latin="4" hanja="4" japanese="4" other="5" symbol="5" user="5"/><hh:ratio hangul="100" latin="100" hanja="100" japanese="100" other="100" symbol="100" user="100"/><hh:spacing hangul="0" latin="0" hanja="0" japanese="0" other="0" symbol="0" user="0"/><hh:relSz hangul="100" latin="100" hanja="100" japanese="100" other="100" symbol="100" user="100"/><hh:offset hangul="0" latin="0" hanja="0" japanese="0" other="0" symbol="0" user="0"/><hh:underline type="NONE" shape="SOLID" color="#000000"/><hh:strikeout shape="NONE" color="#000000"/><hh:outline type="NONE"/><hh:shadow type="NONE" color="#C0C0C0" offsetX="10" offsetY="10"/></hh:charPr><hh:charPr id="2" height="1000" textColor="#000000" shadeColor="none" useFontSpace="0" useKerning="0" symMark="NONE" borderFillIDRef="2"><hh:fontRef hangul="3" latin="3" hanja="3" japanese="3" other="4" symbol="4" user="4"/><hh:ratio hangul="100" latin="100" hanja="100" japanese="100" other="100" symbol="100" user="100"/><hh:spacing hangul="0" latin="0" hanja="0" japanese="0" other="0" symbol="0" user="0"/><hh:relSz hangul="100" latin="100" hanja="100" japanese="100" other="100" symbol="100" user="100"/><hh:offset hangul="0" latin="0" hanja="0" japanese="0" other="0" symbol="0" user="0"/><hh:underline type="NONE" shape="SOLID" color="#000000"/><hh:strikeout shape="NONE" color="#000000"/><hh:outline type="NONE"/><hh:shadow type="NONE" color="#C0C0C0" offsetX="10" offsetY="10"/></hh:charPr><hh:charPr id="3" height="900" textColor="#000000" shadeColor="none" useFontSpace="0" useKerning="0" symMark="NONE" borderFillIDRef="2"><hh:fontRef hangul="3" latin="3" hanja="3" japanese="3" other="4" symbol="4" user="4"/><hh:ratio hangul="100" latin="100" hanja="100" japanese="100" other="100" symbol="100" user="100"/><hh:spacing hangul="0" latin="0" hanja="0" japanese="0" other="0" symbol="0" user="0"/><hh:relSz hangul="100" latin="100" hanja="100" japanese="100" other="100" symbol="100" user="100"/><hh:offset hangul="0" latin="0" hanja="0" japanese="0" other="0" symbol="0" user="0"/><hh:underline type="NONE" shape="SOLID" color="#000000"/><hh:strikeout shape="NONE" color="#000000"/><hh:outline type="NONE"/><hh:shadow type="NONE" color="#C0C0C0" offsetX="10" offsetY="10"/></hh:charPr><hh:charPr id="4" height="900" textColor="#000000" shadeColor="none" useFontSpace="0" useKerning="0" symMark="NONE" borderFillIDRef="2"><hh:fontRef hangul="4" latin="4" hanja="4" japanese="4" other="5" symbol="5" user="5"/><hh:ratio hangul="100" latin="100" hanja="100" japanese="100" other="100" symbol="100" user="100"/><hh:spacing hangul="0" latin="0" hanja="0" japanese="0" other="0" symbol="0" user="0"/><hh:relSz hangul="100" latin="100" hanja="100" japanese="100" other="100" symbol="100" user="100"/><hh:offset hangul="0" latin="0" hanja="0" japanese="0" other="0" symbol="0" user="0"/><hh:underline type="NONE" shape="SOLID" color="#000000"/><hh:strikeout shape="NONE" color="#000000"/><hh:outline type="NONE"/><hh:shadow type="NONE" color="#C0C0C0" offsetX="10" offsetY="10"/></hh:charPr><hh:charPr id="5" height="900" textColor="#000000" shadeColor="none" useFontSpace="0" useKerning="0" symMark="NONE" borderFillIDRef="2"><hh:fontRef hangul="3" latin="3" hanja="3" japanese="3" other="4" symbol="4" user="4"/><hh:ratio hangul="100" latin="100" hanja="100" japanese="100" other="100" symbol="100" user="100"/><hh:spacing hangul="-5" latin="-5" hanja="-5" japanese="-5" other="-5" symbol="-5" user="-5"/><hh:relSz hangul="100" latin="100" hanja="100" japanese="100" other="100" symbol="100" user="100"/><hh:offset hangul="0" latin="0" hanja="0" japanese="0" other="0" symbol="0" user="0"/><hh:underline type="NONE" shape="SOLID" color="#000000"/><hh:strikeout shape="NONE" color="#000000"/><hh:outline type="NONE"/><hh:shadow type="NONE" color="#C0C0C0" offsetX="10" offsetY="10"/></hh:charPr><hh:charPr id="6" height="1300" textColor="#000000" shadeColor="none" useFontSpace="0" useKerning="0" symMark="NONE" borderFillIDRef="1"><hh:fontRef hangul="0" latin="0" hanja="2" japanese="2" other="3" symbol="3" user="3"/><hh:ratio hangul="100" latin="100" hanja="100" japanese="100" other="100" symbol="100" user="100"/><hh:spacing hangul="0" latin="0" hanja="0" japanese="0" other="0" symbol="0" user="0"/><hh:relSz hangul="100" latin="100" hanja="100" japanese="100" other="100" symbol="100" user="100"/><hh:offset hangul="0" latin="0" hanja="0" japanese="0" other="0" symbol="0" user="0"/><hh:underline type="NONE" shape="SOLID" color="#000000"/><hh:strikeout shape="NONE" color="#000000"/><hh:outline type="NONE"/><hh:shadow type="NONE" color="#C0C0C0" offsetX="10" offsetY="10"/></hh:charPr><hh:charPr id="7" height="1000" textColor="#000000" shadeColor="none" useFontSpace="0" useKerning="0" symMark="NONE" borderFillIDRef="1"><hh:fontRef hangul="7" latin="7" hanja="7" japanese="7" other="7" symbol="7" user="7"/><hh:ratio hangul="95" latin="95" hanja="95" japanese="95" other="95" symbol="95" user="95"/><hh:spacing hangul="-5" latin="0" hanja="0" japanese="-5" other="-5" symbol="-5" user="-5"/><hh:relSz hangul="100" latin="100" hanja="100" japanese="100" other="100" symbol="100" user="100"/><hh:offset hangul="0" latin="0" hanja="0" japanese="0" other="0" symbol="0" user="0"/><hh:underline type="NONE" shape="SOLID" color="#000000"/><hh:strikeout shape="NONE" color="#000000"/><hh:outline type="NONE"/><hh:shadow type="NONE" color="#C0C0C0" offsetX="10" offsetY="10"/></hh:charPr><hh:charPr id="8" height="800" textColor="#000000" shadeColor="none" useFontSpace="0" useKerning="0" symMark="NONE" borderFillIDRef="2"><hh:fontRef hangul="2" latin="2" hanja="1" japanese="1" other="1" symbol="1" user="1"/><hh:ratio hangul="100" latin="100" hanja="100" japanese="100" other="100" symbol="100" user="100"/><hh:spacing hangul="0" latin="0" hanja="0" japanese="0" other="0" symbol="0" user="0"/><hh:relSz hangul="100" latin="100" hanja="100" japanese="100" other="100" symbol="100" user="100"/><hh:offset hangul="0" latin="0" hanja="0" japanese="0" other="0" symbol="0" user="0"/><hh:underline type="NONE" shape="SOLID" color="#000000"/><hh:strikeout shape="NONE" color="#000000"/><hh:outline type="NONE"/><hh:shadow type="NONE" color="#C0C0C0" offsetX="10" offsetY="10"/></hh:charPr><hh:charPr id="9" height="1000" textColor="#000000" shadeColor="none" useFontSpace="0" useKerning="0" symMark="NONE" borderFillIDRef="2"><hh:fontRef hangul="1" latin="1" hanja="0" japanese="0" other="0" symbol="0" user="0"/><hh:ratio hangul="100" latin="100" hanja="100" japanese="100" other="100" symbol="100" user="100"/><hh:spacing hangul="0" latin="0" hanja="0" japanese="0" other="0" symbol="0" user="0"/><hh:relSz hangul="100" latin="100" hanja="100" japanese="100" other="100" symbol="100" user="100"/><hh:offset hangul="0" latin="0" hanja="0" japanese="0" other="0" symbol="0" user="0"/><hh:underline type="NONE" shape="SOLID" color="#000000"/><hh:strikeout shape="NONE" color="#000000"/><hh:outline type="NONE"/><hh:shadow type="NONE" color="#C0C0C0" offsetX="10" offsetY="10"/></hh:charPr><hh:charPr id="10" height="1600" textColor="#000000" shadeColor="none" useFontSpace="0" useKerning="0" symMark="NONE" borderFillIDRef="2"><hh:fontRef hangul="8" latin="8" hanja="9" japanese="9" other="7" symbol="9" user="7"/><hh:ratio hangul="100" latin="100" hanja="100" japanese="100" other="100" symbol="100" user="100"/><hh:spacing hangul="0" latin="0" hanja="0" japanese="0" other="0" symbol="0" user="0"/><hh:relSz hangul="100" latin="100" hanja="100" japanese="100" other="100" symbol="100" user="100"/><hh:offset hangul="0" latin="0" hanja="0" japanese="0" other="0" symbol="0" user="0"/><hh:underline type="NONE" shape="SOLID" color="#000000"/><hh:strikeout shape="NONE" color="#000000"/><hh:outline type="NONE"/><hh:shadow type="NONE" color="#C0C0C0" offsetX="10" offsetY="10"/></hh:charPr><hh:charPr id="11" height="900" textColor="#000000" shadeColor="none" useFontSpace="0" useKerning="0" symMark="NONE" borderFillIDRef="2"><hh:fontRef hangul="1" latin="1" hanja="0" japanese="0" other="0" symbol="0" user="0"/><hh:ratio hangul="100" latin="100" hanja="100" japanese="100" other="100" symbol="100" user="100"/><hh:spacing hangul="0" latin="0" hanja="0" japanese="0" other="0" symbol="0" user="0"/><hh:relSz hangul="100" latin="100" hanja="100" japanese="100" other="100" symbol="100" user="100"/><hh:offset hangul="0" latin="0" hanja="0" japanese="0" other="0" symbol="0" user="0"/><hh:underline type="NONE" shape="SOLID" color="#000000"/><hh:strikeout shape="NONE" color="#000000"/><hh:outline type="NONE"/><hh:shadow type="NONE" color="#C0C0C0" offsetX="10" offsetY="10"/></hh:charPr><hh:charPr id="12" height="800" textColor="#000000" shadeColor="none" useFontSpace="0" useKerning="0" symMark="NONE" borderFillIDRef="2"><hh:fontRef hangul="1" latin="1" hanja="0" japanese="0" other="0" symbol="0" user="0"/><hh:ratio hangul="100" latin="100" hanja="100" japanese="100" other="100" symbol="100" user="100"/><hh:spacing hangul="0" latin="0" hanja="0" japanese="0" other="0" symbol="0" user="0"/><hh:relSz hangul="100" latin="100" hanja="100" japanese="100" other="100" symbol="100" user="100"/><hh:offset hangul="0" latin="0" hanja="0" japanese="0" other="0" symbol="0" user="0"/><hh:underline type="NONE" shape="SOLID" color="#000000"/><hh:strikeout shape="NONE" color="#000000"/><hh:outline type="NONE"/><hh:shadow type="NONE" color="#C0C0C0" offsetX="10" offsetY="10"/></hh:charPr><hh:charPr id="13" height="1100" textColor="#000000" shadeColor="none" useFontSpace="0" useKerning="0" symMark="NONE" borderFillIDRef="1"><hh:fontRef hangul="6" latin="6" hanja="6" japanese="6" other="2" symbol="2" user="2"/><hh:ratio hangul="90" latin="90" hanja="90" japanese="90" other="90" symbol="90" user="90"/><hh:spacing hangul="0" latin="0" hanja="0" japanese="0" other="0" symbol="0" user="0"/><hh:relSz hangul="100" latin="100" hanja="100" japanese="100" other="100" symbol="100" user="100"/><hh:offset hangul="0" latin="0" hanja="0" japanese="0" other="0" symbol="0" user="0"/><hh:underline type="NONE" shape="SOLID" color="#000000"/><hh:strikeout shape="NONE" color="#000000"/><hh:outline type="NONE"/><hh:shadow type="NONE" color="#C0C0C0" offsetX="10" offsetY="10"/></hh:charPr><hh:charPr id="14" height="1000" textColor="#000000" shadeColor="none" useFontSpace="0" useKerning="0" symMark="NONE" borderFillIDRef="2"><hh:fontRef hangul="5" latin="5" hanja="5" japanese="5" other="6" symbol="6" user="6"/><hh:ratio hangul="100" latin="100" hanja="100" japanese="100" other="100" symbol="100" user="100"/><hh:spacing hangul="5" latin="5" hanja="5" japanese="5" other="5" symbol="5" user="5"/><hh:relSz hangul="100" latin="100" hanja="100" japanese="100" other="100" symbol="100" user="100"/><hh:offset hangul="0" latin="0" hanja="0" japanese="0" other="0" symbol="0" user="0"/><hh:underline type="NONE" shape="SOLID" color="#000000"/><hh:strikeout shape="NONE" color="#000000"/><hh:outline type="NONE"/><hh:shadow type="NONE" color="#C0C0C0" offsetX="10" offsetY="10"/></hh:charPr><hh:charPr id="15" height="1200" textColor="#000000" shadeColor="none" useFontSpace="0" useKerning="0" symMark="NONE" borderFillIDRef="2"><hh:fontRef hangul="4" latin="4" hanja="4" japanese="4" other="5" symbol="5" user="5"/><hh:ratio hangul="100" latin="100" hanja="100" japanese="100" other="100" symbol="100" user="100"/><hh:spacing hangul="0" latin="0" hanja="0" japanese="0" other="0" symbol="0" user="0"/><hh:relSz hangul="100" latin="100" hanja="100" japanese="100" other="100" symbol="100" user="100"/><hh:offset hangul="0" latin="0" hanja="0" japanese="0" other="0" symbol="0" user="0"/><hh:underline type="NONE" shape="SOLID" color="#000000"/><hh:strikeout shape="NONE" color="#000000"/><hh:outline type="NONE"/><hh:shadow type="NONE" color="#C0C0C0" offsetX="10" offsetY="10"/></hh:charPr><hh:charPr id="16" height="1200" textColor="#000000" shadeColor="none" useFontSpace="0" useKerning="0" symMark="NONE" borderFillIDRef="1"><hh:fontRef hangul="8" latin="8" hanja="9" japanese="9" other="7" symbol="9" user="7"/><hh:ratio hangul="100" latin="100" hanja="100" japanese="100" other="100" symbol="100" user="100"/><hh:spacing hangul="0" latin="0" hanja="0" japanese="0" other="0" symbol="0" user="0"/><hh:relSz hangul="100" latin="100" hanja="100" japanese="100" other="100" symbol="100" user="100"/><hh:offset hangul="0" latin="0" hanja="0" japanese="0" other="0" symbol="0" user="0"/><hh:underline type="NONE" shape="SOLID" color="#000000"/><hh:strikeout shape="NONE" color="#000000"/><hh:outline type="NONE"/><hh:shadow type="NONE" color="#C0C0C0" offsetX="10" offsetY="10"/></hh:charPr><hh:charPr id="17" height="1000" textColor="#FF0000" shadeColor="none" useFontSpace="0" useKerning="0" symMark="NONE" borderFillIDRef="2"><hh:fontRef hangul="1" latin="1" hanja="0" japanese="0" other="0" symbol="0" user="0"/><hh:ratio hangul="100" latin="100" hanja="100" japanese="100" other="100" symbol="100" user="100"/><hh:spacing hangul="0" latin="0" hanja="0" japanese="0" other="0" symbol="0" user="0"/><hh:relSz hangul="100" latin="100" hanja="100" japanese="100" other="100" symbol="100" user="100"/><hh:offset hangul="0" latin="0" hanja="0" japanese="0" other="0" symbol="0" user="0"/><hh:underline type="NONE" shape="SOLID" color="#000000"/><hh:strikeout shape="NONE" color="#000000"/><hh:outline type="NONE"/><hh:shadow type="NONE" color="#C0C0C0" offsetX="10" offsetY="10"/></hh:charPr><hh:charPr id="18" height="1400" textColor="#000000" shadeColor="none" useFontSpace="0" useKerning="0" symMark="NONE" borderFillIDRef="2"><hh:fontRef hangul="9" latin="9" hanja="8" japanese="8" other="7" symbol="8" user="7"/><hh:ratio hangul="100" latin="100" hanja="100" japanese="100" other="100" symbol="100" user="100"/><hh:spacing hangul="0" latin="0" hanja="0" japanese="0" other="0" symbol="0" user="0"/><hh:relSz hangul="100" latin="100" hanja="100" japanese="100" other="100" symbol="100" user="100"/><hh:offset hangul="0" latin="0" hanja="0" japanese="0" other="0" symbol="0" user="0"/><hh:underline type="NONE" shape="SOLID" color="#000000"/><hh:strikeout shape="NONE" color="#000000"/><hh:outline type="NONE"/><hh:shadow type="NONE" color="#C0C0C0" offsetX="10" offsetY="10"/></hh:charPr><hh:charPr id="19" height="1500" textColor="#000000" shadeColor="none" useFontSpace="0" useKerning="0" symMark="NONE" borderFillIDRef="2"><hh:fontRef hangul="9" latin="9" hanja="8" japanese="8" other="7" symbol="8" user="7"/><hh:ratio hangul="100" latin="100" hanja="100" japanese="100" other="100" symbol="100" user="100"/><hh:spacing hangul="0" latin="0" hanja="0" japanese="0" other="0" symbol="0" user="0"/><hh:relSz hangul="100" latin="100" hanja="100" japanese="100" other="100" symbol="100" user="100"/><hh:offset hangul="0" latin="0" hanja="0" japanese="0" other="0" symbol="0" user="0"/><hh:bold/><hh:underline type="NONE" shape="SOLID" color="#000000"/><hh:strikeout shape="NONE" color="#000000"/><hh:outline type="NONE"/><hh:shadow type="NONE" color="#C0C0C0" offsetX="10" offsetY="10"/></hh:charPr></hh:charProperties><hh:tabProperties itemCnt="3"><hh:tabPr id="0" autoTabLeft="0" autoTabRight="0"/><hh:tabPr id="1" autoTabLeft="1" autoTabRight="0"/><hh:tabPr id="2" autoTabLeft="0" autoTabRight="0"><hp:switch><hp:case hp:required-namespace="http://www.hancom.co.kr/hwpml/2016/HwpUnitChar"><hh:tabItem pos="1100" type="LEFT" leader="NONE" unit="HWPUNIT"/></hp:case><hp:default><hh:tabItem pos="2200" type="LEFT" leader="NONE"/></hp:default></hp:switch><hp:switch><hp:case hp:required-namespace="http://www.hancom.co.kr/hwpml/2016/HwpUnitChar"><hh:tabItem pos="4235" type="LEFT" leader="NONE" unit="HWPUNIT"/></hp:case><hp:default><hh:tabItem pos="8470" type="LEFT" leader="NONE"/></hp:default></hp:switch><hp:switch><hp:case hp:required-namespace="http://www.hancom.co.kr/hwpml/2016/HwpUnitChar"><hh:tabItem pos="5500" type="LEFT" leader="NONE" unit="HWPUNIT"/></hp:case><hp:default><hh:tabItem pos="11000" type="LEFT" leader="NONE"/></hp:default></hp:switch><hp:switch><hp:case hp:required-namespace="http://www.hancom.co.kr/hwpml/2016/HwpUnitChar"><hh:tabItem pos="6929" type="LEFT" leader="NONE" unit="HWPUNIT"/></hp:case><hp:default><hh:tabItem pos="13858" type="LEFT" leader="NONE"/></hp:default></hp:switch></hh:tabPr></hh:tabProperties><hh:numberings itemCnt="1"><hh:numbering id="1" start="0"><hh:paraHead start="1" level="1" align="LEFT" useInstWidth="1" autoIndent="1" widthAdjust="0" textOffsetType="PERCENT" textOffset="50" numFormat="DIGIT" charPrIDRef="4294967295" checkable="0">^1.</hh:paraHead><hh:paraHead start="1" level="2" align="LEFT" useInstWidth="1" autoIndent="1" widthAdjust="0" textOffsetType="PERCENT" textOffset="50" numFormat="HANGUL_SYLLABLE" charPrIDRef="4294967295" checkable="0">^2.</hh:paraHead><hh:paraHead start="1" level="3" align="LEFT" useInstWidth="1" autoIndent="1" widthAdjust="0" textOffsetType="PERCENT" textOffset="50" numFormat="DIGIT" charPrIDRef="4294967295" checkable="0">^3)</hh:paraHead><hh:paraHead start="1" level="4" align="LEFT" useInstWidth="1" autoIndent="1" widthAdjust="0" textOffsetType="PERCENT" textOffset="50" numFormat="HANGUL_SYLLABLE" charPrIDRef="4294967295" checkable="0">^4)</hh:paraHead><hh:paraHead start="1" level="5" align="LEFT" useInstWidth="1" autoIndent="1" widthAdjust="0" textOffsetType="PERCENT" textOffset="50" numFormat="DIGIT" charPrIDRef="4294967295" checkable="0">(^5)</hh:paraHead><hh:paraHead start="1" level="6" align="LEFT" useInstWidth="1" autoIndent="1" widthAdjust="0" textOffsetType="PERCENT" textOffset="50" numFormat="HANGUL_SYLLABLE" charPrIDRef="4294967295" checkable="0">(^6)</hh:paraHead><hh:paraHead start="1" level="7" align="LEFT" useInstWidth="1" autoIndent="1" widthAdjust="0" textOffsetType="PERCENT" textOffset="50" numFormat="CIRCLED_DIGIT" charPrIDRef="4294967295" checkable="1">^7</hh:paraHead><hh:paraHead start="1" level="8" align="LEFT" useInstWidth="0" autoIndent="0" widthAdjust="0" textOffsetType="PERCENT" textOffset="0" numFormat="DIGIT" charPrIDRef="0" checkable="0"/><hh:paraHead start="1" level="9" align="LEFT" useInstWidth="0" autoIndent="0" widthAdjust="0" textOffsetType="PERCENT" textOffset="0" numFormat="DIGIT" charPrIDRef="0" checkable="0"/><hh:paraHead start="1" level="10" align="LEFT" useInstWidth="0" autoIndent="0" widthAdjust="0" textOffsetType="PERCENT" textOffset="0" numFormat="DIGIT" charPrIDRef="0" checkable="0"/></hh:numbering></hh:numberings><hh:paraProperties itemCnt="36"><hh:paraPr id="0" tabPrIDRef="0" condense="0" fontLineHeight="0" snapToGrid="1" suppressLineNumbers="0" checked="0"><hh:align horizontal="JUSTIFY" vertical="BASELINE"/><hh:heading type="NONE" idRef="0" level="0"/><hh:breakSetting breakLatinWord="KEEP_WORD" breakNonLatinWord="KEEP_WORD" widowOrphan="0" keepWithNext="0" keepLines="0" pageBreakBefore="0" lineWrap="BREAK"/><hh:autoSpacing eAsianEng="0" eAsianNum="0"/><hp:switch><hp:case hp:required-namespace="http://www.hancom.co.kr/hwpml/2016/HwpUnitChar"><hh:margin><hc:intent value="0" unit="HWPUNIT"/><hc:left value="0" unit="HWPUNIT"/><hc:right value="0" unit="HWPUNIT"/><hc:prev value="0" unit="HWPUNIT"/><hc:next value="0" unit="HWPUNIT"/></hh:margin><hh:lineSpacing type="PERCENT" value="160" unit="HWPUNIT"/></hp:case><hp:default><hh:margin><hc:intent value="0" unit="HWPUNIT"/><hc:left value="0" unit="HWPUNIT"/><hc:right value="0" unit="HWPUNIT"/><hc:prev value="0" unit="HWPUNIT"/><hc:next value="0" unit="HWPUNIT"/></hh:margin><hh:lineSpacing type="PERCENT" value="160" unit="HWPUNIT"/></hp:default></hp:switch><hh:border borderFillIDRef="2" offsetLeft="0" offsetRight="0" offsetTop="0" offsetBottom="0" connect="0" ignoreMargin="0"/></hh:paraPr><hh:paraPr id="1" tabPrIDRef="0" condense="0" fontLineHeight="0" snapToGrid="1" suppressLineNumbers="0" checked="0"><hh:align horizontal="LEFT" vertical="BASELINE"/><hh:heading type="NONE" idRef="0" level="0"/><hh:breakSetting breakLatinWord="KEEP_WORD" breakNonLatinWord="BREAK_WORD" widowOrphan="0" keepWithNext="0" keepLines="0" pageBreakBefore="0" lineWrap="BREAK"/><hh:autoSpacing eAsianEng="0" eAsianNum="0"/><hp:switch><hp:case hp:required-namespace="http://www.hancom.co.kr/hwpml/2016/HwpUnitChar"><hh:margin><hc:intent value="0" unit="HWPUNIT"/><hc:left value="0" unit="HWPUNIT"/><hc:right value="0" unit="HWPUNIT"/><hc:prev value="0" unit="HWPUNIT"/><hc:next value="0" unit="HWPUNIT"/></hh:margin><hh:lineSpacing type="PERCENT" value="130" unit="HWPUNIT"/></hp:case><hp:default><hh:margin><hc:intent value="0" unit="HWPUNIT"/><hc:left value="0" unit="HWPUNIT"/><hc:right value="0" unit="HWPUNIT"/><hc:prev value="0" unit="HWPUNIT"/><hc:next value="0" unit="HWPUNIT"/></hh:margin><hh:lineSpacing type="PERCENT" value="130" unit="HWPUNIT"/></hp:default></hp:switch><hh:border borderFillIDRef="2" offsetLeft="0" offsetRight="0" offsetTop="0" offsetBottom="0" connect="0" ignoreMargin="0"/></hh:paraPr><hh:paraPr id="2" tabPrIDRef="0" condense="0" fontLineHeight="0" snapToGrid="1" suppressLineNumbers="0" checked="0"><hh:align horizontal="JUSTIFY" vertical="BASELINE"/><hh:heading type="NONE" idRef="0" level="0"/><hh:breakSetting breakLatinWord="KEEP_WORD" breakNonLatinWord="KEEP_WORD" widowOrphan="0" keepWithNext="0" keepLines="0" pageBreakBefore="0" lineWrap="BREAK"/><hh:autoSpacing eAsianEng="0" eAsianNum="0"/><hp:switch><hp:case hp:required-namespace="http://www.hancom.co.kr/hwpml/2016/HwpUnitChar"><hh:margin><hc:intent value="-1310" unit="HWPUNIT"/><hc:left value="0" unit="HWPUNIT"/><hc:right value="0" unit="HWPUNIT"/><hc:prev value="0" unit="HWPUNIT"/><hc:next value="0" unit="HWPUNIT"/></hh:margin><hh:lineSpacing type="PERCENT" value="130" unit="HWPUNIT"/></hp:case><hp:default><hh:margin><hc:intent value="-2620" unit="HWPUNIT"/><hc:left value="0" unit="HWPUNIT"/><hc:right value="0" unit="HWPUNIT"/><hc:prev value="0" unit="HWPUNIT"/><hc:next value="0" unit="HWPUNIT"/></hh:margin><hh:lineSpacing type="PERCENT" value="130" unit="HWPUNIT"/></hp:default></hp:switch><hh:border borderFillIDRef="2" offsetLeft="0" offsetRight="0" offsetTop="0" offsetBottom="0" connect="0" ignoreMargin="0"/></hh:paraPr><hh:paraPr id="3" tabPrIDRef="0" condense="0" fontLineHeight="0" snapToGrid="1" suppressLineNumbers="0" checked="0"><hh:align horizontal="JUSTIFY" vertical="BASELINE"/><hh:heading type="NONE" idRef="0" level="0"/><hh:breakSetting breakLatinWord="KEEP_WORD" breakNonLatinWord="BREAK_WORD" widowOrphan="0" keepWithNext="0" keepLines="0" pageBreakBefore="0" lineWrap="BREAK"/><hh:autoSpacing eAsianEng="0" eAsianNum="0"/><hp:switch><hp:case hp:required-namespace="http://www.hancom.co.kr/hwpml/2016/HwpUnitChar"><hh:margin><hc:intent value="0" unit="HWPUNIT"/><hc:left value="0" unit="HWPUNIT"/><hc:right value="0" unit="HWPUNIT"/><hc:prev value="0" unit="HWPUNIT"/><hc:next value="0" unit="HWPUNIT"/></hh:margin><hh:lineSpacing type="PERCENT" value="150" unit="HWPUNIT"/></hp:case><hp:default><hh:margin><hc:intent value="0" unit="HWPUNIT"/><hc:left value="0" unit="HWPUNIT"/><hc:right value="0" unit="HWPUNIT"/><hc:prev value="0" unit="HWPUNIT"/><hc:next value="0" unit="HWPUNIT"/></hh:margin><hh:lineSpacing type="PERCENT" value="150" unit="HWPUNIT"/></hp:default></hp:switch><hh:border borderFillIDRef="2" offsetLeft="0" offsetRight="0" offsetTop="0" offsetBottom="0" connect="0" ignoreMargin="0"/></hh:paraPr><hh:paraPr id="4" tabPrIDRef="1" condense="20" fontLineHeight="0" snapToGrid="1" suppressLineNumbers="0" checked="0"><hh:align horizontal="JUSTIFY" vertical="BASELINE"/><hh:heading type="OUTLINE" idRef="0" level="6"/><hh:breakSetting breakLatinWord="KEEP_WORD" breakNonLatinWord="KEEP_WORD" widowOrphan="0" keepWithNext="0" keepLines="0" pageBreakBefore="0" lineWrap="BREAK"/><hh:autoSpacing eAsianEng="0" eAsianNum="0"/><hp:switch><hp:case hp:required-namespace="http://www.hancom.co.kr/hwpml/2016/HwpUnitChar"><hh:margin><hc:intent value="0" unit="HWPUNIT"/><hc:left value="7000" unit="HWPUNIT"/><hc:right value="0" unit="HWPUNIT"/><hc:prev value="0" unit="HWPUNIT"/><hc:next value="0" unit="HWPUNIT"/></hh:margin><hh:lineSpacing type="PERCENT" value="160" unit="HWPUNIT"/></hp:case><hp:default><hh:margin><hc:intent value="0" unit="HWPUNIT"/><hc:left value="14000" unit="HWPUNIT"/><hc:right value="0" unit="HWPUNIT"/><hc:prev value="0" unit="HWPUNIT"/><hc:next value="0" unit="HWPUNIT"/></hh:margin><hh:lineSpacing type="PERCENT" value="160" unit="HWPUNIT"/></hp:default></hp:switch><hh:border borderFillIDRef="2" offsetLeft="0" offsetRight="0" offsetTop="0" offsetBottom="0" connect="0" ignoreMargin="0"/></hh:paraPr><hh:paraPr id="5" tabPrIDRef="1" condense="20" fontLineHeight="0" snapToGrid="1" suppressLineNumbers="0" checked="0"><hh:align horizontal="JUSTIFY" vertical="BASELINE"/><hh:heading type="OUTLINE" idRef="0" level="5"/><hh:breakSetting breakLatinWord="KEEP_WORD" breakNonLatinWord="KEEP_WORD" widowOrphan="0" keepWithNext="0" keepLines="0" pageBreakBefore="0" lineWrap="BREAK"/><hh:autoSpacing eAsianEng="0" eAsianNum="0"/><hp:switch><hp:case hp:required-namespace="http://www.hancom.co.kr/hwpml/2016/HwpUnitChar"><hh:margin><hc:intent value="0" unit="HWPUNIT"/><hc:left value="6000" unit="HWPUNIT"/><hc:right value="0" unit="HWPUNIT"/><hc:prev value="0" unit="HWPUNIT"/><hc:next value="0" unit="HWPUNIT"/></hh:margin><hh:lineSpacing type="PERCENT" value="160" unit="HWPUNIT"/></hp:case><hp:default><hh:margin><hc:intent value="0" unit="HWPUNIT"/><hc:left value="12000" unit="HWPUNIT"/><hc:right value="0" unit="HWPUNIT"/><hc:prev value="0" unit="HWPUNIT"/><hc:next value="0" unit="HWPUNIT"/></hh:margin><hh:lineSpacing type="PERCENT" value="160" unit="HWPUNIT"/></hp:default></hp:switch><hh:border borderFillIDRef="2" offsetLeft="0" offsetRight="0" offsetTop="0" offsetBottom="0" connect="0" ignoreMargin="0"/></hh:paraPr><hh:paraPr id="6" tabPrIDRef="1" condense="20" fontLineHeight="0" snapToGrid="1" suppressLineNumbers="0" checked="0"><hh:align horizontal="JUSTIFY" vertical="BASELINE"/><hh:heading type="OUTLINE" idRef="0" level="4"/><hh:breakSetting breakLatinWord="KEEP_WORD" breakNonLatinWord="KEEP_WORD" widowOrphan="0" keepWithNext="0" keepLines="0" pageBreakBefore="0" lineWrap="BREAK"/><hh:autoSpacing eAsianEng="0" eAsianNum="0"/><hp:switch><hp:case hp:required-namespace="http://www.hancom.co.kr/hwpml/2016/HwpUnitChar"><hh:margin><hc:intent value="0" unit="HWPUNIT"/><hc:left value="5000" unit="HWPUNIT"/><hc:right value="0" unit="HWPUNIT"/><hc:prev value="0" unit="HWPUNIT"/><hc:next value="0" unit="HWPUNIT"/></hh:margin><hh:lineSpacing type="PERCENT" value="160" unit="HWPUNIT"/></hp:case><hp:default><hh:margin><hc:intent value="0" unit="HWPUNIT"/><hc:left value="10000" unit="HWPUNIT"/><hc:right value="0" unit="HWPUNIT"/><hc:prev value="0" unit="HWPUNIT"/><hc:next value="0" unit="HWPUNIT"/></hh:margin><hh:lineSpacing type="PERCENT" value="160" unit="HWPUNIT"/></hp:default></hp:switch><hh:border borderFillIDRef="2" offsetLeft="0" offsetRight="0" offsetTop="0" offsetBottom="0" connect="0" ignoreMargin="0"/></hh:paraPr><hh:paraPr id="7" tabPrIDRef="1" condense="20" fontLineHeight="0" snapToGrid="1" suppressLineNumbers="0" checked="0"><hh:align horizontal="JUSTIFY" vertical="BASELINE"/><hh:heading type="OUTLINE" idRef="0" level="3"/><hh:breakSetting breakLatinWord="KEEP_WORD" breakNonLatinWord="KEEP_WORD" widowOrphan="0" keepWithNext="0" keepLines="0" pageBreakBefore="0" lineWrap="BREAK"/><hh:autoSpacing eAsianEng="0" eAsianNum="0"/><hp:switch><hp:case hp:required-namespace="http://www.hancom.co.kr/hwpml/2016/HwpUnitChar"><hh:margin><hc:intent value="0" unit="HWPUNIT"/><hc:left value="4000" unit="HWPUNIT"/><hc:right value="0" unit="HWPUNIT"/><hc:prev value="0" unit="HWPUNIT"/><hc:next value="0" unit="HWPUNIT"/></hh:margin><hh:lineSpacing type="PERCENT" value="160" unit="HWPUNIT"/></hp:case><hp:default><hh:margin><hc:intent value="0" unit="HWPUNIT"/><hc:left value="8000" unit="HWPUNIT"/><hc:right value="0" unit="HWPUNIT"/><hc:prev value="0" unit="HWPUNIT"/><hc:next value="0" unit="HWPUNIT"/></hh:margin><hh:lineSpacing type="PERCENT" value="160" unit="HWPUNIT"/></hp:default></hp:switch><hh:border borderFillIDRef="2" offsetLeft="0" offsetRight="0" offsetTop="0" offsetBottom="0" connect="0" ignoreMargin="0"/></hh:paraPr><hh:paraPr id="8" tabPrIDRef="1" condense="20" fontLineHeight="0" snapToGrid="1" suppressLineNumbers="0" checked="0"><hh:align horizontal="JUSTIFY" vertical="BASELINE"/><hh:heading type="OUTLINE" idRef="0" level="2"/><hh:breakSetting breakLatinWord="KEEP_WORD" breakNonLatinWord="KEEP_WORD" widowOrphan="0" keepWithNext="0" keepLines="0" pageBreakBefore="0" lineWrap="BREAK"/><hh:autoSpacing eAsianEng="0" eAsianNum="0"/><hp:switch><hp:case hp:required-namespace="http://www.hancom.co.kr/hwpml/2016/HwpUnitChar"><hh:margin><hc:intent value="0" unit="HWPUNIT"/><hc:left value="3000" unit="HWPUNIT"/><hc:right value="0" unit="HWPUNIT"/><hc:prev value="0" unit="HWPUNIT"/><hc:next value="0" unit="HWPUNIT"/></hh:margin><hh:lineSpacing type="PERCENT" value="160" unit="HWPUNIT"/></hp:case><hp:default><hh:margin><hc:intent value="0" unit="HWPUNIT"/><hc:left value="6000" unit="HWPUNIT"/><hc:right value="0" unit="HWPUNIT"/><hc:prev value="0" unit="HWPUNIT"/><hc:next value="0" unit="HWPUNIT"/></hh:margin><hh:lineSpacing type="PERCENT" value="160" unit="HWPUNIT"/></hp:default></hp:switch><hh:border borderFillIDRef="2" offsetLeft="0" offsetRight="0" offsetTop="0" offsetBottom="0" connect="0" ignoreMargin="0"/></hh:paraPr><hh:paraPr id="9" tabPrIDRef="1" condense="20" fontLineHeight="0" snapToGrid="1" suppressLineNumbers="0" checked="0"><hh:align horizontal="JUSTIFY" vertical="BASELINE"/><hh:heading type="OUTLINE" idRef="0" level="1"/><hh:breakSetting breakLatinWord="KEEP_WORD" breakNonLatinWord="KEEP_WORD" widowOrphan="0" keepWithNext="0" keepLines="0" pageBreakBefore="0" lineWrap="BREAK"/><hh:autoSpacing eAsianEng="0" eAsianNum="0"/><hp:switch><hp:case hp:required-namespace="http://www.hancom.co.kr/hwpml/2016/HwpUnitChar"><hh:margin><hc:intent value="0" unit="HWPUNIT"/><hc:left value="2000" unit="HWPUNIT"/><hc:right value="0" unit="HWPUNIT"/><hc:prev value="0" unit="HWPUNIT"/><hc:next value="0" unit="HWPUNIT"/></hh:margin><hh:lineSpacing type="PERCENT" value="160" unit="HWPUNIT"/></hp:case><hp:default><hh:margin><hc:intent value="0" unit="HWPUNIT"/><hc:left value="4000" unit="HWPUNIT"/><hc:right value="0" unit="HWPUNIT"/><hc:prev value="0" unit="HWPUNIT"/><hc:next value="0" unit="HWPUNIT"/></hh:margin><hh:lineSpacing type="PERCENT" value="160" unit="HWPUNIT"/></hp:default></hp:switch><hh:border borderFillIDRef="2" offsetLeft="0" offsetRight="0" offsetTop="0" offsetBottom="0" connect="0" ignoreMargin="0"/></hh:paraPr><hh:paraPr id="10" tabPrIDRef="1" condense="20" fontLineHeight="0" snapToGrid="1" suppressLineNumbers="0" checked="0"><hh:align horizontal="JUSTIFY" vertical="BASELINE"/><hh:heading type="OUTLINE" idRef="0" level="0"/><hh:breakSetting breakLatinWord="KEEP_WORD" breakNonLatinWord="KEEP_WORD" widowOrphan="0" keepWithNext="0" keepLines="0" pageBreakBefore="0" lineWrap="BREAK"/><hh:autoSpacing eAsianEng="0" eAsianNum="0"/><hp:switch><hp:case hp:required-namespace="http://www.hancom.co.kr/hwpml/2016/HwpUnitChar"><hh:margin><hc:intent value="0" unit="HWPUNIT"/><hc:left value="1000" unit="HWPUNIT"/><hc:right value="0" unit="HWPUNIT"/><hc:prev value="0" unit="HWPUNIT"/><hc:next value="0" unit="HWPUNIT"/></hh:margin><hh:lineSpacing type="PERCENT" value="160" unit="HWPUNIT"/></hp:case><hp:default><hh:margin><hc:intent value="0" unit="HWPUNIT"/><hc:left value="2000" unit="HWPUNIT"/><hc:right value="0" unit="HWPUNIT"/><hc:prev value="0" unit="HWPUNIT"/><hc:next value="0" unit="HWPUNIT"/></hh:margin><hh:lineSpacing type="PERCENT" value="160" unit="HWPUNIT"/></hp:default></hp:switch><hh:border borderFillIDRef="2" offsetLeft="0" offsetRight="0" offsetTop="0" offsetBottom="0" connect="0" ignoreMargin="0"/></hh:paraPr><hh:paraPr id="11" tabPrIDRef="0" condense="0" fontLineHeight="0" snapToGrid="1" suppressLineNumbers="0" checked="0"><hh:align horizontal="JUSTIFY" vertical="BASELINE"/><hh:heading type="NONE" idRef="0" level="0"/><hh:breakSetting breakLatinWord="KEEP_WORD" breakNonLatinWord="KEEP_WORD" widowOrphan="0" keepWithNext="0" keepLines="0" pageBreakBefore="0" lineWrap="BREAK"/><hh:autoSpacing eAsianEng="0" eAsianNum="0"/><hp:switch><hp:case hp:required-namespace="http://www.hancom.co.kr/hwpml/2016/HwpUnitChar"><hh:margin><hc:intent value="0" unit="HWPUNIT"/><hc:left value="1500" unit="HWPUNIT"/><hc:right value="0" unit="HWPUNIT"/><hc:prev value="0" unit="HWPUNIT"/><hc:next value="0" unit="HWPUNIT"/></hh:margin><hh:lineSpacing type="PERCENT" value="160" unit="HWPUNIT"/></hp:case><hp:default><hh:margin><hc:intent value="0" unit="HWPUNIT"/><hc:left value="3000" unit="HWPUNIT"/><hc:right value="0" unit="HWPUNIT"/><hc:prev value="0" unit="HWPUNIT"/><hc:next value="0" unit="HWPUNIT"/></hh:margin><hh:lineSpacing type="PERCENT" value="160" unit="HWPUNIT"/></hp:default></hp:switch><hh:border borderFillIDRef="2" offsetLeft="0" offsetRight="0" offsetTop="0" offsetBottom="0" connect="0" ignoreMargin="0"/></hh:paraPr><hh:paraPr id="12" tabPrIDRef="0" condense="25" fontLineHeight="0" snapToGrid="1" suppressLineNumbers="0" checked="0"><hh:align horizontal="JUSTIFY" vertical="BASELINE"/><hh:heading type="NONE" idRef="0" level="0"/><hh:breakSetting breakLatinWord="BREAK_WORD" breakNonLatinWord="KEEP_WORD" widowOrphan="0" keepWithNext="0" keepLines="0" pageBreakBefore="0" lineWrap="BREAK"/><hh:autoSpacing eAsianEng="0" eAsianNum="0"/><hp:switch><hp:case hp:required-namespace="http://www.hancom.co.kr/hwpml/2016/HwpUnitChar"><hh:margin><hc:intent value="-1400" unit="HWPUNIT"/><hc:left value="0" unit="HWPUNIT"/><hc:right value="0" unit="HWPUNIT"/><hc:prev value="0" unit="HWPUNIT"/><hc:next value="0" unit="HWPUNIT"/></hh:margin><hh:lineSpacing type="PERCENT" value="230" unit="HWPUNIT"/></hp:case><hp:default><hh:margin><hc:intent value="-2800" unit="HWPUNIT"/><hc:left value="0" unit="HWPUNIT"/><hc:right value="0" unit="HWPUNIT"/><hc:prev value="0" unit="HWPUNIT"/><hc:next value="0" unit="HWPUNIT"/></hh:margin><hh:lineSpacing type="PERCENT" value="230" unit="HWPUNIT"/></hp:default></hp:switch><hh:border borderFillIDRef="1" offsetLeft="0" offsetRight="0" offsetTop="0" offsetBottom="0" connect="0" ignoreMargin="0"/></hh:paraPr><hh:paraPr id="13" tabPrIDRef="0" condense="0" fontLineHeight="0" snapToGrid="1" suppressLineNumbers="0" checked="0"><hh:align horizontal="CENTER" vertical="BASELINE"/><hh:heading type="NONE" idRef="0" level="0"/><hh:breakSetting breakLatinWord="KEEP_WORD" breakNonLatinWord="KEEP_WORD" widowOrphan="0" keepWithNext="0" keepLines="0" pageBreakBefore="0" lineWrap="BREAK"/><hh:autoSpacing eAsianEng="0" eAsianNum="0"/><hp:switch><hp:case hp:required-namespace="http://www.hancom.co.kr/hwpml/2016/HwpUnitChar"><hh:margin><hc:intent value="0" unit="HWPUNIT"/><hc:left value="0" unit="HWPUNIT"/><hc:right value="0" unit="HWPUNIT"/><hc:prev value="0" unit="HWPUNIT"/><hc:next value="0" unit="HWPUNIT"/></hh:margin><hh:lineSpacing type="PERCENT" value="160" unit="HWPUNIT"/></hp:case><hp:default><hh:margin><hc:intent value="0" unit="HWPUNIT"/><hc:left value="0" unit="HWPUNIT"/><hc:right value="0" unit="HWPUNIT"/><hc:prev value="0" unit="HWPUNIT"/><hc:next value="0" unit="HWPUNIT"/></hh:margin><hh:lineSpacing type="PERCENT" value="160" unit="HWPUNIT"/></hp:default></hp:switch><hh:border borderFillIDRef="1" offsetLeft="0" offsetRight="0" offsetTop="0" offsetBottom="0" connect="0" ignoreMargin="0"/></hh:paraPr><hh:paraPr id="14" tabPrIDRef="0" condense="0" fontLineHeight="0" snapToGrid="1" suppressLineNumbers="0" checked="0"><hh:align horizontal="CENTER" vertical="BASELINE"/><hh:heading type="NONE" idRef="0" level="0"/><hh:breakSetting breakLatinWord="KEEP_WORD" breakNonLatinWord="BREAK_WORD" widowOrphan="0" keepWithNext="0" keepLines="0" pageBreakBefore="0" lineWrap="BREAK"/><hh:autoSpacing eAsianEng="0" eAsianNum="0"/><hp:switch><hp:case hp:required-namespace="http://www.hancom.co.kr/hwpml/2016/HwpUnitChar"><hh:margin><hc:intent value="0" unit="HWPUNIT"/><hc:left value="0" unit="HWPUNIT"/><hc:right value="0" unit="HWPUNIT"/><hc:prev value="0" unit="HWPUNIT"/><hc:next value="0" unit="HWPUNIT"/></hh:margin><hh:lineSpacing type="PERCENT" value="160" unit="HWPUNIT"/></hp:case><hp:default><hh:margin><hc:intent value="0" unit="HWPUNIT"/><hc:left value="0" unit="HWPUNIT"/><hc:right value="0" unit="HWPUNIT"/><hc:prev value="0" unit="HWPUNIT"/><hc:next value="0" unit="HWPUNIT"/></hh:margin><hh:lineSpacing type="PERCENT" value="160" unit="HWPUNIT"/></hp:default></hp:switch><hh:border borderFillIDRef="1" offsetLeft="0" offsetRight="0" offsetTop="0" offsetBottom="0" connect="0" ignoreMargin="0"/></hh:paraPr><hh:paraPr id="15" tabPrIDRef="0" condense="0" fontLineHeight="0" snapToGrid="1" suppressLineNumbers="0" checked="0"><hh:align horizontal="CENTER" vertical="BASELINE"/><hh:heading type="NONE" idRef="0" level="0"/><hh:breakSetting breakLatinWord="KEEP_WORD" breakNonLatinWord="BREAK_WORD" widowOrphan="0" keepWithNext="0" keepLines="0" pageBreakBefore="0" lineWrap="BREAK"/><hh:autoSpacing eAsianEng="0" eAsianNum="0"/><hp:switch><hp:case hp:required-namespace="http://www.hancom.co.kr/hwpml/2016/HwpUnitChar"><hh:margin><hc:intent value="0" unit="HWPUNIT"/><hc:left value="0" unit="HWPUNIT"/><hc:right value="0" unit="HWPUNIT"/><hc:prev value="0" unit="HWPUNIT"/><hc:next value="0" unit="HWPUNIT"/></hh:margin><hh:lineSpacing type="PERCENT" value="160" unit="HWPUNIT"/></hp:case><hp:default><hh:margin><hc:intent value="0" unit="HWPUNIT"/><hc:left value="0" unit="HWPUNIT"/><hc:right value="0" unit="HWPUNIT"/><hc:prev value="0" unit="HWPUNIT"/><hc:next value="0" unit="HWPUNIT"/></hh:margin><hh:lineSpacing type="PERCENT" value="160" unit="HWPUNIT"/></hp:default></hp:switch><hh:border borderFillIDRef="2" offsetLeft="0" offsetRight="0" offsetTop="0" offsetBottom="0" connect="0" ignoreMargin="0"/></hh:paraPr><hh:paraPr id="16" tabPrIDRef="0" condense="0" fontLineHeight="0" snapToGrid="1" suppressLineNumbers="0" checked="0"><hh:align horizontal="CENTER" vertical="BASELINE"/><hh:heading type="NONE" idRef="0" level="0"/><hh:breakSetting breakLatinWord="KEEP_WORD" breakNonLatinWord="BREAK_WORD" widowOrphan="0" keepWithNext="0" keepLines="0" pageBreakBefore="0" lineWrap="BREAK"/><hh:autoSpacing eAsianEng="0" eAsianNum="0"/><hp:switch><hp:case hp:required-namespace="http://www.hancom.co.kr/hwpml/2016/HwpUnitChar"><hh:margin><hc:intent value="0" unit="HWPUNIT"/><hc:left value="0" unit="HWPUNIT"/><hc:right value="0" unit="HWPUNIT"/><hc:prev value="0" unit="HWPUNIT"/><hc:next value="0" unit="HWPUNIT"/></hh:margin><hh:lineSpacing type="PERCENT" value="130" unit="HWPUNIT"/></hp:case><hp:default><hh:margin><hc:intent value="0" unit="HWPUNIT"/><hc:left value="0" unit="HWPUNIT"/><hc:right value="0" unit="HWPUNIT"/><hc:prev value="0" unit="HWPUNIT"/><hc:next value="0" unit="HWPUNIT"/></hh:margin><hh:lineSpacing type="PERCENT" value="130" unit="HWPUNIT"/></hp:default></hp:switch><hh:border borderFillIDRef="1" offsetLeft="0" offsetRight="0" offsetTop="0" offsetBottom="0" connect="0" ignoreMargin="0"/></hh:paraPr><hh:paraPr id="17" tabPrIDRef="0" condense="0" fontLineHeight="0" snapToGrid="1" suppressLineNumbers="0" checked="0"><hh:align horizontal="RIGHT" vertical="BASELINE"/><hh:heading type="NONE" idRef="0" level="0"/><hh:breakSetting breakLatinWord="KEEP_WORD" breakNonLatinWord="BREAK_WORD" widowOrphan="0" keepWithNext="0" keepLines="0" pageBreakBefore="0" lineWrap="BREAK"/><hh:autoSpacing eAsianEng="0" eAsianNum="0"/><hp:switch><hp:case hp:required-namespace="http://www.hancom.co.kr/hwpml/2016/HwpUnitChar"><hh:margin><hc:intent value="0" unit="HWPUNIT"/><hc:left value="0" unit="HWPUNIT"/><hc:right value="0" unit="HWPUNIT"/><hc:prev value="0" unit="HWPUNIT"/><hc:next value="0" unit="HWPUNIT"/></hh:margin><hh:lineSpacing type="PERCENT" value="160" unit="HWPUNIT"/></hp:case><hp:default><hh:margin><hc:intent value="0" unit="HWPUNIT"/><hc:left value="0" unit="HWPUNIT"/><hc:right value="0" unit="HWPUNIT"/><hc:prev value="0" unit="HWPUNIT"/><hc:next value="0" unit="HWPUNIT"/></hh:margin><hh:lineSpacing type="PERCENT" value="160" unit="HWPUNIT"/></hp:default></hp:switch><hh:border borderFillIDRef="2" offsetLeft="0" offsetRight="0" offsetTop="0" offsetBottom="0" connect="0" ignoreMargin="0"/></hh:paraPr><hh:paraPr id="18" tabPrIDRef="0" condense="0" fontLineHeight="0" snapToGrid="0" suppressLineNumbers="0" checked="0"><hh:align horizontal="CENTER" vertical="BASELINE"/><hh:heading type="NONE" idRef="0" level="0"/><hh:breakSetting breakLatinWord="KEEP_WORD" breakNonLatinWord="BREAK_WORD" widowOrphan="0" keepWithNext="0" keepLines="0" pageBreakBefore="0" lineWrap="BREAK"/><hh:autoSpacing eAsianEng="0" eAsianNum="0"/><hp:switch><hp:case hp:required-namespace="http://www.hancom.co.kr/hwpml/2016/HwpUnitChar"><hh:margin><hc:intent value="0" unit="HWPUNIT"/><hc:left value="0" unit="HWPUNIT"/><hc:right value="0" unit="HWPUNIT"/><hc:prev value="0" unit="HWPUNIT"/><hc:next value="0" unit="HWPUNIT"/></hh:margin><hh:lineSpacing type="PERCENT" value="162" unit="HWPUNIT"/></hp:case><hp:default><hh:margin><hc:intent value="0" unit="HWPUNIT"/><hc:left value="0" unit="HWPUNIT"/><hc:right value="0" unit="HWPUNIT"/><hc:prev value="0" unit="HWPUNIT"/><hc:next value="0" unit="HWPUNIT"/></hh:margin><hh:lineSpacing type="PERCENT" value="162" unit="HWPUNIT"/></hp:default></hp:switch><hh:border borderFillIDRef="2" offsetLeft="0" offsetRight="0" offsetTop="0" offsetBottom="0" connect="0" ignoreMargin="0"/></hh:paraPr><hh:paraPr id="19" tabPrIDRef="0" condense="0" fontLineHeight="0" snapToGrid="1" suppressLineNumbers="0" checked="0"><hh:align horizontal="JUSTIFY" vertical="BASELINE"/><hh:heading type="NONE" idRef="0" level="0"/><hh:breakSetting breakLatinWord="KEEP_WORD" breakNonLatinWord="KEEP_WORD" widowOrphan="0" keepWithNext="0" keepLines="0" pageBreakBefore="0" lineWrap="BREAK"/><hh:autoSpacing eAsianEng="0" eAsianNum="0"/><hp:switch><hp:case hp:required-namespace="http://www.hancom.co.kr/hwpml/2016/HwpUnitChar"><hh:margin><hc:intent value="0" unit="HWPUNIT"/><hc:left value="0" unit="HWPUNIT"/><hc:right value="0" unit="HWPUNIT"/><hc:prev value="0" unit="HWPUNIT"/><hc:next value="0" unit="HWPUNIT"/></hh:margin><hh:lineSpacing type="PERCENT" value="100" unit="HWPUNIT"/></hp:case><hp:default><hh:margin><hc:intent value="0" unit="HWPUNIT"/><hc:left value="0" unit="HWPUNIT"/><hc:right value="0" unit="HWPUNIT"/><hc:prev value="0" unit="HWPUNIT"/><hc:next value="0" unit="HWPUNIT"/></hh:margin><hh:lineSpacing type="PERCENT" value="100" unit="HWPUNIT"/></hp:default></hp:switch><hh:border borderFillIDRef="1" offsetLeft="0" offsetRight="0" offsetTop="0" offsetBottom="0" connect="0" ignoreMargin="0"/></hh:paraPr><hh:paraPr id="20" tabPrIDRef="0" condense="0" fontLineHeight="0" snapToGrid="1" suppressLineNumbers="0" checked="0"><hh:align horizontal="CENTER" vertical="BASELINE"/><hh:heading type="NONE" idRef="0" level="0"/><hh:breakSetting breakLatinWord="KEEP_WORD" breakNonLatinWord="BREAK_WORD" widowOrphan="0" keepWithNext="0" keepLines="0" pageBreakBefore="0" lineWrap="BREAK"/><hh:autoSpacing eAsianEng="0" eAsianNum="0"/><hp:switch><hp:case hp:required-namespace="http://www.hancom.co.kr/hwpml/2016/HwpUnitChar"><hh:margin><hc:intent value="453" unit="HWPUNIT"/><hc:left value="0" unit="HWPUNIT"/><hc:right value="0" unit="HWPUNIT"/><hc:prev value="0" unit="HWPUNIT"/><hc:next value="0" unit="HWPUNIT"/></hh:margin><hh:lineSpacing type="PERCENT" value="160" unit="HWPUNIT"/></hp:case><hp:default><hh:margin><hc:intent value="906" unit="HWPUNIT"/><hc:left value="0" unit="HWPUNIT"/><hc:right value="0" unit="HWPUNIT"/><hc:prev value="0" unit="HWPUNIT"/><hc:next value="0" unit="HWPUNIT"/></hh:margin><hh:lineSpacing type="PERCENT" value="160" unit="HWPUNIT"/></hp:default></hp:switch><hh:border borderFillIDRef="2" offsetLeft="0" offsetRight="0" offsetTop="0" offsetBottom="0" connect="0" ignoreMargin="0"/></hh:paraPr><hh:paraPr id="21" tabPrIDRef="0" condense="0" fontLineHeight="0" snapToGrid="1" suppressLineNumbers="0" checked="0"><hh:align horizontal="JUSTIFY" vertical="BASELINE"/><hh:heading type="NONE" idRef="0" level="0"/><hh:breakSetting breakLatinWord="KEEP_WORD" breakNonLatinWord="KEEP_WORD" widowOrphan="0" keepWithNext="0" keepLines="0" pageBreakBefore="0" lineWrap="BREAK"/><hh:autoSpacing eAsianEng="0" eAsianNum="0"/><hp:switch><hp:case hp:required-namespace="http://www.hancom.co.kr/hwpml/2016/HwpUnitChar"><hh:margin><hc:intent value="-1100" unit="HWPUNIT"/><hc:left value="0" unit="HWPUNIT"/><hc:right value="0" unit="HWPUNIT"/><hc:prev value="0" unit="HWPUNIT"/><hc:next value="0" unit="HWPUNIT"/></hh:margin><hh:lineSpacing type="PERCENT" value="160" unit="HWPUNIT"/></hp:case><hp:default><hh:margin><hc:intent value="-2200" unit="HWPUNIT"/><hc:left value="0" unit="HWPUNIT"/><hc:right value="0" unit="HWPUNIT"/><hc:prev value="0" unit="HWPUNIT"/><hc:next value="0" unit="HWPUNIT"/></hh:margin><hh:lineSpacing type="PERCENT" value="160" unit="HWPUNIT"/></hp:default></hp:switch><hh:border borderFillIDRef="2" offsetLeft="0" offsetRight="0" offsetTop="0" offsetBottom="0" connect="0" ignoreMargin="0"/></hh:paraPr><hh:paraPr id="22" tabPrIDRef="0" condense="0" fontLineHeight="0" snapToGrid="1" suppressLineNumbers="0" checked="0"><hh:align horizontal="JUSTIFY" vertical="BASELINE"/><hh:heading type="NONE" idRef="0" level="0"/><hh:breakSetting breakLatinWord="KEEP_WORD" breakNonLatinWord="KEEP_WORD" widowOrphan="0" keepWithNext="0" keepLines="0" pageBreakBefore="0" lineWrap="BREAK"/><hh:autoSpacing eAsianEng="0" eAsianNum="0"/><hp:switch><hp:case hp:required-namespace="http://www.hancom.co.kr/hwpml/2016/HwpUnitChar"><hh:margin><hc:intent value="0" unit="HWPUNIT"/><hc:left value="100" unit="HWPUNIT"/><hc:right value="0" unit="HWPUNIT"/><hc:prev value="100" unit="HWPUNIT"/><hc:next value="0" unit="HWPUNIT"/></hh:margin><hh:lineSpacing type="PERCENT" value="160" unit="HWPUNIT"/></hp:case><hp:default><hh:margin><hc:intent value="0" unit="HWPUNIT"/><hc:left value="200" unit="HWPUNIT"/><hc:right value="0" unit="HWPUNIT"/><hc:prev value="200" unit="HWPUNIT"/><hc:next value="0" unit="HWPUNIT"/></hh:margin><hh:lineSpacing type="PERCENT" value="160" unit="HWPUNIT"/></hp:default></hp:switch><hh:border borderFillIDRef="2" offsetLeft="0" offsetRight="0" offsetTop="0" offsetBottom="0" connect="0" ignoreMargin="0"/></hh:paraPr><hh:paraPr id="23" tabPrIDRef="0" condense="0" fontLineHeight="0" snapToGrid="1" suppressLineNumbers="0" checked="0"><hh:align horizontal="CENTER" vertical="BASELINE"/><hh:heading type="NONE" idRef="0" level="0"/><hh:breakSetting breakLatinWord="KEEP_WORD" breakNonLatinWord="BREAK_WORD" widowOrphan="0" keepWithNext="0" keepLines="0" pageBreakBefore="0" lineWrap="BREAK"/><hh:autoSpacing eAsianEng="0" eAsianNum="0"/><hp:switch><hp:case hp:required-namespace="http://www.hancom.co.kr/hwpml/2016/HwpUnitChar"><hh:margin><hc:intent value="0" unit="HWPUNIT"/><hc:left value="0" unit="HWPUNIT"/><hc:right value="0" unit="HWPUNIT"/><hc:prev value="0" unit="HWPUNIT"/><hc:next value="0" unit="HWPUNIT"/></hh:margin><hh:lineSpacing type="PERCENT" value="200" unit="HWPUNIT"/></hp:case><hp:default><hh:margin><hc:intent value="0" unit="HWPUNIT"/><hc:left value="0" unit="HWPUNIT"/><hc:right value="0" unit="HWPUNIT"/><hc:prev value="0" unit="HWPUNIT"/><hc:next value="0" unit="HWPUNIT"/></hh:margin><hh:lineSpacing type="PERCENT" value="200" unit="HWPUNIT"/></hp:default></hp:switch><hh:border borderFillIDRef="2" offsetLeft="0" offsetRight="0" offsetTop="0" offsetBottom="0" connect="0" ignoreMargin="0"/></hh:paraPr><hh:paraPr id="24" tabPrIDRef="0" condense="0" fontLineHeight="0" snapToGrid="0" suppressLineNumbers="0" checked="0"><hh:align horizontal="RIGHT" vertical="BASELINE"/><hh:heading type="NONE" idRef="0" level="0"/><hh:breakSetting breakLatinWord="KEEP_WORD" breakNonLatinWord="BREAK_WORD" widowOrphan="0" keepWithNext="0" keepLines="0" pageBreakBefore="0" lineWrap="BREAK"/><hh:autoSpacing eAsianEng="0" eAsianNum="0"/><hp:switch><hp:case hp:required-namespace="http://www.hancom.co.kr/hwpml/2016/HwpUnitChar"><hh:margin><hc:intent value="0" unit="HWPUNIT"/><hc:left value="0" unit="HWPUNIT"/><hc:right value="0" unit="HWPUNIT"/><hc:prev value="400" unit="HWPUNIT"/><hc:next value="0" unit="HWPUNIT"/></hh:margin><hh:lineSpacing type="PERCENT" value="160" unit="HWPUNIT"/></hp:case><hp:default><hh:margin><hc:intent value="0" unit="HWPUNIT"/><hc:left value="0" unit="HWPUNIT"/><hc:right value="0" unit="HWPUNIT"/><hc:prev value="800" unit="HWPUNIT"/><hc:next value="0" unit="HWPUNIT"/></hh:margin><hh:lineSpacing type="PERCENT" value="160" unit="HWPUNIT"/></hp:default></hp:switch><hh:border borderFillIDRef="1" offsetLeft="0" offsetRight="0" offsetTop="0" offsetBottom="0" connect="0" ignoreMargin="0"/></hh:paraPr><hh:paraPr id="25" tabPrIDRef="0" condense="20" fontLineHeight="0" snapToGrid="1" suppressLineNumbers="0" checked="0"><hh:align horizontal="CENTER" vertical="BASELINE"/><hh:heading type="NONE" idRef="0" level="0"/><hh:breakSetting breakLatinWord="BREAK_WORD" breakNonLatinWord="KEEP_WORD" widowOrphan="0" keepWithNext="0" keepLines="0" pageBreakBefore="0" lineWrap="BREAK"/><hh:autoSpacing eAsianEng="0" eAsianNum="0"/><hp:switch><hp:case hp:required-namespace="http://www.hancom.co.kr/hwpml/2016/HwpUnitChar"><hh:margin><hc:intent value="0" unit="HWPUNIT"/><hc:left value="0" unit="HWPUNIT"/><hc:right value="0" unit="HWPUNIT"/><hc:prev value="0" unit="HWPUNIT"/><hc:next value="0" unit="HWPUNIT"/></hh:margin><hh:lineSpacing type="PERCENT" value="120" unit="HWPUNIT"/></hp:case><hp:default><hh:margin><hc:intent value="0" unit="HWPUNIT"/><hc:left value="0" unit="HWPUNIT"/><hc:right value="0" unit="HWPUNIT"/><hc:prev value="0" unit="HWPUNIT"/><hc:next value="0" unit="HWPUNIT"/></hh:margin><hh:lineSpacing type="PERCENT" value="120" unit="HWPUNIT"/></hp:default></hp:switch><hh:border borderFillIDRef="2" offsetLeft="0" offsetRight="0" offsetTop="0" offsetBottom="0" connect="0" ignoreMargin="0"/></hh:paraPr><hh:paraPr id="26" tabPrIDRef="0" condense="0" fontLineHeight="0" snapToGrid="0" suppressLineNumbers="0" checked="0"><hh:align horizontal="CENTER" vertical="BASELINE"/><hh:heading type="NONE" idRef="0" level="0"/><hh:breakSetting breakLatinWord="KEEP_WORD" breakNonLatinWord="BREAK_WORD" widowOrphan="0" keepWithNext="0" keepLines="0" pageBreakBefore="0" lineWrap="BREAK"/><hh:autoSpacing eAsianEng="0" eAsianNum="0"/><hp:switch><hp:case hp:required-namespace="http://www.hancom.co.kr/hwpml/2016/HwpUnitChar"><hh:margin><hc:intent value="0" unit="HWPUNIT"/><hc:left value="0" unit="HWPUNIT"/><hc:right value="0" unit="HWPUNIT"/><hc:prev value="500" unit="HWPUNIT"/><hc:next value="500" unit="HWPUNIT"/></hh:margin><hh:lineSpacing type="PERCENT" value="150" unit="HWPUNIT"/></hp:case><hp:default><hh:margin><hc:intent value="0" unit="HWPUNIT"/><hc:left value="0" unit="HWPUNIT"/><hc:right value="0" unit="HWPUNIT"/><hc:prev value="1000" unit="HWPUNIT"/><hc:next value="1000" unit="HWPUNIT"/></hh:margin><hh:lineSpacing type="PERCENT" value="150" unit="HWPUNIT"/></hp:default></hp:switch><hh:border borderFillIDRef="1" offsetLeft="0" offsetRight="0" offsetTop="0" offsetBottom="0" connect="0" ignoreMargin="0"/></hh:paraPr><hh:paraPr id="27" tabPrIDRef="0" condense="0" fontLineHeight="0" snapToGrid="1" suppressLineNumbers="0" checked="0"><hh:align horizontal="RIGHT" vertical="BASELINE"/><hh:heading type="NONE" idRef="0" level="0"/><hh:breakSetting breakLatinWord="KEEP_WORD" breakNonLatinWord="BREAK_WORD" widowOrphan="0" keepWithNext="0" keepLines="0" pageBreakBefore="0" lineWrap="BREAK"/><hh:autoSpacing eAsianEng="0" eAsianNum="0"/><hp:switch><hp:case hp:required-namespace="http://www.hancom.co.kr/hwpml/2016/HwpUnitChar"><hh:margin><hc:intent value="0" unit="HWPUNIT"/><hc:left value="0" unit="HWPUNIT"/><hc:right value="0" unit="HWPUNIT"/><hc:prev value="0" unit="HWPUNIT"/><hc:next value="0" unit="HWPUNIT"/></hh:margin><hh:lineSpacing type="PERCENT" value="150" unit="HWPUNIT"/></hp:case><hp:default><hh:margin><hc:intent value="0" unit="HWPUNIT"/><hc:left value="0" unit="HWPUNIT"/><hc:right value="0" unit="HWPUNIT"/><hc:prev value="0" unit="HWPUNIT"/><hc:next value="0" unit="HWPUNIT"/></hh:margin><hh:lineSpacing type="PERCENT" value="150" unit="HWPUNIT"/></hp:default></hp:switch><hh:border borderFillIDRef="2" offsetLeft="283" offsetRight="283" offsetTop="283" offsetBottom="283" connect="0" ignoreMargin="0"/></hh:paraPr><hh:paraPr id="28" tabPrIDRef="0" condense="0" fontLineHeight="0" snapToGrid="1" suppressLineNumbers="0" checked="0"><hh:align horizontal="JUSTIFY" vertical="BASELINE"/><hh:heading type="NONE" idRef="0" level="0"/><hh:breakSetting breakLatinWord="KEEP_WORD" breakNonLatinWord="KEEP_WORD" widowOrphan="0" keepWithNext="0" keepLines="0" pageBreakBefore="0" lineWrap="BREAK"/><hh:autoSpacing eAsianEng="0" eAsianNum="0"/><hp:switch><hp:case hp:required-namespace="http://www.hancom.co.kr/hwpml/2016/HwpUnitChar"><hh:margin><hc:intent value="-2775" unit="HWPUNIT"/><hc:left value="0" unit="HWPUNIT"/><hc:right value="1423" unit="HWPUNIT"/><hc:prev value="0" unit="HWPUNIT"/><hc:next value="0" unit="HWPUNIT"/></hh:margin><hh:lineSpacing type="PERCENT" value="170" unit="HWPUNIT"/></hp:case><hp:default><hh:margin><hc:intent value="-5550" unit="HWPUNIT"/><hc:left value="0" unit="HWPUNIT"/><hc:right value="2846" unit="HWPUNIT"/><hc:prev value="0" unit="HWPUNIT"/><hc:next value="0" unit="HWPUNIT"/></hh:margin><hh:lineSpacing type="PERCENT" value="170" unit="HWPUNIT"/></hp:default></hp:switch><hh:border borderFillIDRef="2" offsetLeft="0" offsetRight="0" offsetTop="0" offsetBottom="0" connect="0" ignoreMargin="0"/></hh:paraPr><hh:paraPr id="29" tabPrIDRef="0" condense="0" fontLineHeight="0" snapToGrid="1" suppressLineNumbers="0" checked="0"><hh:align horizontal="JUSTIFY" vertical="BASELINE"/><hh:heading type="NONE" idRef="0" level="0"/><hh:breakSetting breakLatinWord="KEEP_WORD" breakNonLatinWord="KEEP_WORD" widowOrphan="0" keepWithNext="0" keepLines="0" pageBreakBefore="0" lineWrap="BREAK"/><hh:autoSpacing eAsianEng="0" eAsianNum="0"/><hp:switch><hp:case hp:required-namespace="http://www.hancom.co.kr/hwpml/2016/HwpUnitChar"><hh:margin><hc:intent value="-1960" unit="HWPUNIT"/><hc:left value="0" unit="HWPUNIT"/><hc:right value="1423" unit="HWPUNIT"/><hc:prev value="0" unit="HWPUNIT"/><hc:next value="0" unit="HWPUNIT"/></hh:margin><hh:lineSpacing type="PERCENT" value="160" unit="HWPUNIT"/></hp:case><hp:default><hh:margin><hc:intent value="-3920" unit="HWPUNIT"/><hc:left value="0" unit="HWPUNIT"/><hc:right value="2846" unit="HWPUNIT"/><hc:prev value="0" unit="HWPUNIT"/><hc:next value="0" unit="HWPUNIT"/></hh:margin><hh:lineSpacing type="PERCENT" value="160" unit="HWPUNIT"/></hp:default></hp:switch><hh:border borderFillIDRef="2" offsetLeft="0" offsetRight="0" offsetTop="0" offsetBottom="0" connect="0" ignoreMargin="0"/></hh:paraPr><hh:paraPr id="30" tabPrIDRef="0" condense="25" fontLineHeight="0" snapToGrid="1" suppressLineNumbers="0" checked="0"><hh:align horizontal="CENTER" vertical="BASELINE"/><hh:heading type="NONE" idRef="0" level="0"/><hh:breakSetting breakLatinWord="KEEP_WORD" breakNonLatinWord="BREAK_WORD" widowOrphan="0" keepWithNext="0" keepLines="0" pageBreakBefore="0" lineWrap="BREAK"/><hh:autoSpacing eAsianEng="0" eAsianNum="0"/><hp:switch><hp:case hp:required-namespace="http://www.hancom.co.kr/hwpml/2016/HwpUnitChar"><hh:margin><hc:intent value="0" unit="HWPUNIT"/><hc:left value="0" unit="HWPUNIT"/><hc:right value="0" unit="HWPUNIT"/><hc:prev value="0" unit="HWPUNIT"/><hc:next value="0" unit="HWPUNIT"/></hh:margin><hh:lineSpacing type="PERCENT" value="230" unit="HWPUNIT"/></hp:case><hp:default><hh:margin><hc:intent value="0" unit="HWPUNIT"/><hc:left value="0" unit="HWPUNIT"/><hc:right value="0" unit="HWPUNIT"/><hc:prev value="0" unit="HWPUNIT"/><hc:next value="0" unit="HWPUNIT"/></hh:margin><hh:lineSpacing type="PERCENT" value="230" unit="HWPUNIT"/></hp:default></hp:switch><hh:border borderFillIDRef="1" offsetLeft="0" offsetRight="0" offsetTop="0" offsetBottom="0" connect="0" ignoreMargin="0"/></hh:paraPr><hh:paraPr id="31" tabPrIDRef="2" condense="25" fontLineHeight="0" snapToGrid="0" suppressLineNumbers="0" checked="0"><hh:align horizontal="JUSTIFY" vertical="BASELINE"/><hh:heading type="NONE" idRef="0" level="0"/><hh:breakSetting breakLatinWord="BREAK_WORD" breakNonLatinWord="KEEP_WORD" widowOrphan="0" keepWithNext="0" keepLines="0" pageBreakBefore="0" lineWrap="BREAK"/><hh:autoSpacing eAsianEng="0" eAsianNum="0"/><hp:switch><hp:case hp:required-namespace="http://www.hancom.co.kr/hwpml/2016/HwpUnitChar"><hh:margin><hc:intent value="-1740" unit="HWPUNIT"/><hc:left value="0" unit="HWPUNIT"/><hc:right value="0" unit="HWPUNIT"/><hc:prev value="0" unit="HWPUNIT"/><hc:next value="0" unit="HWPUNIT"/></hh:margin><hh:lineSpacing type="PERCENT" value="230" unit="HWPUNIT"/></hp:case><hp:default><hh:margin><hc:intent value="-3480" unit="HWPUNIT"/><hc:left value="0" unit="HWPUNIT"/><hc:right value="0" unit="HWPUNIT"/><hc:prev value="0" unit="HWPUNIT"/><hc:next value="0" unit="HWPUNIT"/></hh:margin><hh:lineSpacing type="PERCENT" value="230" unit="HWPUNIT"/></hp:default></hp:switch><hh:border borderFillIDRef="2" offsetLeft="0" offsetRight="0" offsetTop="0" offsetBottom="0" connect="0" ignoreMargin="0"/></hh:paraPr><hh:paraPr id="32" tabPrIDRef="0" condense="0" fontLineHeight="0" snapToGrid="1" suppressLineNumbers="0" checked="0"><hh:align horizontal="JUSTIFY" vertical="BASELINE"/><hh:heading type="NONE" idRef="0" level="0"/><hh:breakSetting breakLatinWord="BREAK_WORD" breakNonLatinWord="KEEP_WORD" widowOrphan="0" keepWithNext="0" keepLines="0" pageBreakBefore="0" lineWrap="BREAK"/><hh:autoSpacing eAsianEng="0" eAsianNum="0"/><hp:switch><hp:case hp:required-namespace="http://www.hancom.co.kr/hwpml/2016/HwpUnitChar"><hh:margin><hc:intent value="0" unit="HWPUNIT"/><hc:left value="0" unit="HWPUNIT"/><hc:right value="0" unit="HWPUNIT"/><hc:prev value="0" unit="HWPUNIT"/><hc:next value="0" unit="HWPUNIT"/></hh:margin><hh:lineSpacing type="PERCENT" value="230" unit="HWPUNIT"/></hp:case><hp:default><hh:margin><hc:intent value="0" unit="HWPUNIT"/><hc:left value="0" unit="HWPUNIT"/><hc:right value="0" unit="HWPUNIT"/><hc:prev value="0" unit="HWPUNIT"/><hc:next value="0" unit="HWPUNIT"/></hh:margin><hh:lineSpacing type="PERCENT" value="230" unit="HWPUNIT"/></hp:default></hp:switch><hh:border borderFillIDRef="2" offsetLeft="0" offsetRight="0" offsetTop="0" offsetBottom="0" connect="0" ignoreMargin="0"/></hh:paraPr><hh:paraPr id="33" tabPrIDRef="0" condense="25" fontLineHeight="0" snapToGrid="1" suppressLineNumbers="0" checked="0"><hh:align horizontal="JUSTIFY" vertical="BASELINE"/><hh:heading type="NONE" idRef="0" level="0"/><hh:breakSetting breakLatinWord="BREAK_WORD" breakNonLatinWord="KEEP_WORD" widowOrphan="0" keepWithNext="0" keepLines="0" pageBreakBefore="0" lineWrap="BREAK"/><hh:autoSpacing eAsianEng="0" eAsianNum="0"/><hp:switch><hp:case hp:required-namespace="http://www.hancom.co.kr/hwpml/2016/HwpUnitChar"><hh:margin><hc:intent value="0" unit="HWPUNIT"/><hc:left value="0" unit="HWPUNIT"/><hc:right value="0" unit="HWPUNIT"/><hc:prev value="0" unit="HWPUNIT"/><hc:next value="0" unit="HWPUNIT"/></hh:margin><hh:lineSpacing type="PERCENT" value="230" unit="HWPUNIT"/></hp:case><hp:default><hh:margin><hc:intent value="0" unit="HWPUNIT"/><hc:left value="0" unit="HWPUNIT"/><hc:right value="0" unit="HWPUNIT"/><hc:prev value="0" unit="HWPUNIT"/><hc:next value="0" unit="HWPUNIT"/></hh:margin><hh:lineSpacing type="PERCENT" value="230" unit="HWPUNIT"/></hp:default></hp:switch><hh:border borderFillIDRef="1" offsetLeft="0" offsetRight="0" offsetTop="0" offsetBottom="0" connect="0" ignoreMargin="0"/></hh:paraPr><hh:paraPr id="34" tabPrIDRef="0" condense="25" fontLineHeight="0" snapToGrid="1" suppressLineNumbers="0" checked="0"><hh:align horizontal="JUSTIFY" vertical="BASELINE"/><hh:heading type="NONE" idRef="0" level="0"/><hh:breakSetting breakLatinWord="BREAK_WORD" breakNonLatinWord="KEEP_WORD" widowOrphan="0" keepWithNext="0" keepLines="0" pageBreakBefore="0" lineWrap="BREAK"/><hh:autoSpacing eAsianEng="0" eAsianNum="0"/><hp:switch><hp:case hp:required-namespace="http://www.hancom.co.kr/hwpml/2016/HwpUnitChar"><hh:margin><hc:intent value="-2440" unit="HWPUNIT"/><hc:left value="0" unit="HWPUNIT"/><hc:right value="0" unit="HWPUNIT"/><hc:prev value="0" unit="HWPUNIT"/><hc:next value="0" unit="HWPUNIT"/></hh:margin><hh:lineSpacing type="PERCENT" value="230" unit="HWPUNIT"/></hp:case><hp:default><hh:margin><hc:intent value="-4880" unit="HWPUNIT"/><hc:left value="0" unit="HWPUNIT"/><hc:right value="0" unit="HWPUNIT"/><hc:prev value="0" unit="HWPUNIT"/><hc:next value="0" unit="HWPUNIT"/></hh:margin><hh:lineSpacing type="PERCENT" value="230" unit="HWPUNIT"/></hp:default></hp:switch><hh:border borderFillIDRef="1" offsetLeft="0" offsetRight="0" offsetTop="0" offsetBottom="0" connect="0" ignoreMargin="0"/></hh:paraPr><hh:paraPr id="35" tabPrIDRef="0" condense="0" fontLineHeight="0" snapToGrid="1" suppressLineNumbers="0" checked="0"><hh:align horizontal="LEFT" vertical="BASELINE"/><hh:heading type="NONE" idRef="0" level="0"/><hh:breakSetting breakLatinWord="KEEP_WORD" breakNonLatinWord="BREAK_WORD" widowOrphan="0" keepWithNext="0" keepLines="0" pageBreakBefore="0" lineWrap="BREAK"/><hh:autoSpacing eAsianEng="0" eAsianNum="0"/><hp:switch><hp:case hp:required-namespace="http://www.hancom.co.kr/hwpml/2016/HwpUnitChar"><hh:margin><hc:intent value="0" unit="HWPUNIT"/><hc:left value="0" unit="HWPUNIT"/><hc:right value="0" unit="HWPUNIT"/><hc:prev value="0" unit="HWPUNIT"/><hc:next value="0" unit="HWPUNIT"/></hh:margin><hh:lineSpacing type="PERCENT" value="160" unit="HWPUNIT"/></hp:case><hp:default><hh:margin><hc:intent value="0" unit="HWPUNIT"/><hc:left value="0" unit="HWPUNIT"/><hc:right value="0" unit="HWPUNIT"/><hc:prev value="0" unit="HWPUNIT"/><hc:next value="0" unit="HWPUNIT"/></hh:margin><hh:lineSpacing type="PERCENT" value="160" unit="HWPUNIT"/></hp:default></hp:switch><hh:border borderFillIDRef="2" offsetLeft="0" offsetRight="0" offsetTop="0" offsetBottom="0" connect="0" ignoreMargin="0"/></hh:paraPr></hh:paraProperties><hh:styles itemCnt="26"><hh:style id="0" type="PARA" name="바탕글" engName="Normal" paraPrIDRef="0" charPrIDRef="1" nextStyleIDRef="0" langID="1042" lockForm="0"/><hh:style id="1" type="PARA" name="본문" engName="Body" paraPrIDRef="11" charPrIDRef="1" nextStyleIDRef="1" langID="1042" lockForm="0"/><hh:style id="2" type="PARA" name="개요 1" engName="Outline 1" paraPrIDRef="10" charPrIDRef="1" nextStyleIDRef="2" langID="1042" lockForm="0"/><hh:style id="3" type="PARA" name="개요 2" engName="Outline 2" paraPrIDRef="9" charPrIDRef="1" nextStyleIDRef="3" langID="1042" lockForm="0"/><hh:style id="4" type="PARA" name="개요 3" engName="Outline 3" paraPrIDRef="8" charPrIDRef="1" nextStyleIDRef="4" langID="1042" lockForm="0"/><hh:style id="5" type="PARA" name="개요 4" engName="Outline 4" paraPrIDRef="7" charPrIDRef="1" nextStyleIDRef="5" langID="1042" lockForm="0"/><hh:style id="6" type="PARA" name="개요 5" engName="Outline 5" paraPrIDRef="6" charPrIDRef="1" nextStyleIDRef="6" langID="1042" lockForm="0"/><hh:style id="7" type="PARA" name="개요 6" engName="Outline 6" paraPrIDRef="5" charPrIDRef="1" nextStyleIDRef="7" langID="1042" lockForm="0"/><hh:style id="8" type="PARA" name="개요 7" engName="Outline 7" paraPrIDRef="4" charPrIDRef="1" nextStyleIDRef="8" langID="1042" lockForm="0"/><hh:style id="9" type="PARA" name="쪽 번호" engName="Page Number" paraPrIDRef="0" charPrIDRef="2" nextStyleIDRef="9" langID="1042" lockForm="0"/><hh:style id="10" type="PARA" name="머리말" engName="Header" paraPrIDRef="3" charPrIDRef="3" nextStyleIDRef="10" langID="1042" lockForm="0"/><hh:style id="11" type="PARA" name="각주" engName="Footnote" paraPrIDRef="2" charPrIDRef="4" nextStyleIDRef="11" langID="1042" lockForm="0"/><hh:style id="12" type="PARA" name="미주" engName="Endnote" paraPrIDRef="2" charPrIDRef="4" nextStyleIDRef="12" langID="1042" lockForm="0"/><hh:style id="13" type="PARA" name="메모" engName="Memo" paraPrIDRef="1" charPrIDRef="5" nextStyleIDRef="13" langID="1042" lockForm="0"/><hh:style id="14" type="PARA" name="쪽번호" engName="page number" paraPrIDRef="25" charPrIDRef="14" nextStyleIDRef="14" langID="1042" lockForm="0"/><hh:style id="15" type="PARA" name="표제목" engName="" paraPrIDRef="18" charPrIDRef="7" nextStyleIDRef="15" langID="1042" lockForm="0"/><hh:style id="16" type="PARA" name="표밑" engName="" paraPrIDRef="24" charPrIDRef="13" nextStyleIDRef="16" langID="1042" lockForm="0"/><hh:style id="17" type="PARA" name="xl38" engName="xl38" paraPrIDRef="13" charPrIDRef="6" nextStyleIDRef="17" langID="1042" lockForm="0"/><hh:style id="18" type="PARA" name="장" engName="" paraPrIDRef="26" charPrIDRef="16" nextStyleIDRef="18" langID="1042" lockForm="0"/><hh:style id="19" type="PARA" name="조" engName="Jo" paraPrIDRef="12" charPrIDRef="0" nextStyleIDRef="19" langID="1042" lockForm="0"/><hh:style id="20" type="PARA" name="법령안_호" engName="" paraPrIDRef="32" charPrIDRef="19" nextStyleIDRef="20" langID="1042" lockForm="0"/><hh:style id="21" type="PARA" name="법령안_목" engName="" paraPrIDRef="31" charPrIDRef="18" nextStyleIDRef="21" langID="1042" lockForm="0"/><hh:style id="22" type="PARA" name="편장절관" engName="pyun" paraPrIDRef="30" charPrIDRef="0" nextStyleIDRef="22" langID="1042" lockForm="0"/><hh:style id="23" type="PARA" name="항" engName="Hang" paraPrIDRef="12" charPrIDRef="0" nextStyleIDRef="23" langID="1042" lockForm="0"/><hh:style id="24" type="PARA" name="호" engName="Ho" paraPrIDRef="34" charPrIDRef="0" nextStyleIDRef="24" langID="1042" lockForm="0"/><hh:style id="25" type="PARA" name="법령기본스타일" engName="lawdefault" paraPrIDRef="33" charPrIDRef="0" nextStyleIDRef="25" langID="1042" lockForm="0"/></hh:styles></hh:refList><hh:compatibleDocument targetProgram="HWP201X"><hh:layoutCompatibility/></hh:compatibleDocument><hh:docOption><hh:linkinfo path="" pageInherit="1" footnoteInherit="0"/></hh:docOption><hh:trackchageConfig flags="56"/></hh:head>