<?xml version="1.0" encoding="UTF-8" standalone="yes" ?><hs:sec xmlns:ha="http://www.hancom.co.kr/hwpml/2011/app" xmlns:hp="http://www.hancom.co.kr/hwpml/2011/paragraph" xmlns:hp10="http://www.hancom.co.kr/hwpml/2016/paragraph" xmlns:hs="http://www.hancom.co.kr/hwpml/2011/section" xmlns:hc="http://www.hancom.co.kr/hwpml/2011/core" xmlns:hh="http://www.hancom.co.kr/hwpml/2011/head" xmlns:hhs="http://www.hancom.co.kr/hwpml/2011/history" xmlns:hm="http://www.hancom.co.kr/hwpml/2011/master-page" xmlns:hpf="http://www.hancom.co.kr/schema/2011/hpf" xmlns:dc="http://purl.org/dc/elements/1.1/" xmlns:opf="http://www.idpf.org/2007/opf/" xmlns:ooxmlchart="http://www.hancom.co.kr/hwpml/2016/ooxmlchart" xmlns:hwpunitchar="http://www.hancom.co.kr/hwpml/2016/HwpUnitChar" xmlns:epub="http://www.idpf.org/2007/ops" xmlns:config="urn:oasis:names:tc:opendocument:xmlns:config:1.0"><hp:p id="0" paraPrIDRef="19" styleIDRef="0" pageBreak="0" columnBreak="0" merged="0"><hp:run charPrIDRef="15"><hp:secPr id="" textDirection="HORIZONTAL" spaceColumns="1134" tabStop="8000" tabStopVal="4000" tabStopUnit="HWPUNIT" outlineShapeIDRef="1" memoShapeIDRef="0" textVerticalWidthHead="0" masterPageCnt="0"><hp:grid lineGrid="0" charGrid="0" wonggojiFormat="0"/><hp:startNum pageStartsOn="BOTH" page="0" pic="0" tbl="0" equation="0"/><hp:visibility hideFirstHeader="0" hideFirstFooter="0" hideFirstMasterPage="0" border="SHOW_ALL" fill="SHOW_ALL" hideFirstPageNum="0" hideFirstEmptyLine="0" showLineNumber="0"/><hp:lineNumberShape restartType="0" countBy="0" distance="0" startNumber="0"/><hp:pagePr landscape="WIDELY" width="59528" height="84188" gutterType="LEFT_ONLY"><hp:margin header="0" footer="0" gutter="0" left="5669" right="5669" top="5669" bottom="2834"/></hp:pagePr><hp:footNotePr><hp:autoNumFormat type="DIGIT" userChar="" prefixChar="" suffixChar=")" supscript="0"/><hp:noteLine length="-1" type="SOLID" width="0.12 mm" color="#000000"/><hp:noteSpacing betweenNotes="283" belowLine="567" aboveLine="850"/><hp:numbering type="CONTINUOUS" newNum="1"/><hp:placement place="EACH_COLUMN" beneathText="0"/></hp:footNotePr><hp:endNotePr><hp:autoNumFormat type="DIGIT" userChar="" prefixChar="" suffixChar=")" supscript="0"/><hp:noteLine length="14692344" type="SOLID" width="0.12 mm" color="#000000"/><hp:noteSpacing betweenNotes="0" belowLine="567" aboveLine="850"/><hp:numbering type="CONTINUOUS" newNum="1"/><hp:placement place="END_OF_DOCUMENT" beneathText="0"/></hp:endNotePr><hp:pageBorderFill type="BOTH" borderFillIDRef="1" textBorder="PAPER" headerInside="0" footerInside="0" fillArea="PAPER"><hp:offset left="1417" right="1417" top="1417" bottom="1417"/></hp:pageBorderFill><hp:pageBorderFill type="EVEN" borderFillIDRef="1" textBorder="PAPER" headerInside="0" footerInside="0" fillArea="PAPER"><hp:offset left="1417" right="1417" top="1417" bottom="1417"/></hp:pageBorderFill><hp:pageBorderFill type="ODD" borderFillIDRef="1" textBorder="PAPER" headerInside="0" footerInside="0" fillArea="PAPER"><hp:offset left="1417" right="1417" top="1417" bottom="1417"/></hp:pageBorderFill></hp:secPr><hp:ctrl><hp:colPr id="" type="NEWSPAPER" layout="LEFT" colCount="1" sameSz="1" sameGap="0"/></hp:ctrl></hp:run><hp:run charPrIDRef="15"><hp:tbl id="1297534922" zOrder="0" numberingType="TABLE" textWrap="TOP_AND_BOTTOM" textFlow="BOTH_SIDES" lock="0" dropcapstyle="None" pageBreak="CELL" repeatHeader="1" rowCnt="27" colCnt="21" cellSpacing="0" borderFillIDRef="3" noAdjust="0"><hp:sz width="47749" widthRelTo="ABSOLUTE" height="77279" heightRelTo="ABSOLUTE" protect="0"/><hp:pos treatAsChar="1" affectLSpacing="0" flowWithText="1" allowOverlap="0" holdAnchorAndSO="0" vertRelTo="PARA" horzRelTo="PARA" vertAlign="TOP" horzAlign="LEFT" vertOffset="0" horzOffset="0"/><hp:outMargin left="283" right="283" top="283" bottom="283"/><hp:inMargin left="141" right="141" top="141" bottom="141"/><hp:tr><hp:tc name="" header="0" hasMargin="0" protect="0" editable="0" dirty="0" borderFillIDRef="7"><hp:subList id="" textDirection="HORIZONTAL" lineWrap="BREAK" vertAlign="TOP" linkListIDRef="0" linkListNextIDRef="0" textWidth="0" textHeight="0" hasTextRef="0" hasNumRef="0"><hp:p id="0" paraPrIDRef="22" styleIDRef="0" pageBreak="0" columnBreak="0" merged="0"><hp:run charPrIDRef="8"><hp:t>■ 지방세징수법 시행규칙[</hp:t></hp:run><hp:run charPrIDRef="12"><hp:t>별지 제53호서식] </hp:t></hp:run><hp:linesegarray><hp:lineseg textpos="0" vertpos="100" vertsize="800" textheight="800" baseline="680" spacing="480" horzpos="100" horzsize="47364" flags="393216"/></hp:linesegarray></hp:p></hp:subList><hp:cellAddr colAddr="0" rowAddr="0"/><hp:cellSpan colSpan="21" rowSpan="1"/><hp:cellSz width="47749" height="2614"/><hp:cellMargin left="141" right="141" top="141" bottom="141"/></hp:tc></hp:tr><hp:tr><hp:tc name="" header="0" hasMargin="0" protect="0" editable="0" dirty="0" borderFillIDRef="13"><hp:subList id="" textDirection="HORIZONTAL" lineWrap="BREAK" vertAlign="CENTER" linkListIDRef="0" linkListNextIDRef="0" textWidth="0" textHeight="0" hasTextRef="0" hasNumRef="0"><hp:p id="0" paraPrIDRef="20" styleIDRef="0" pageBreak="0" columnBreak="0" merged="0"><hp:run charPrIDRef="10"><hp:t>교부청구서</hp:t></hp:run><hp:linesegarray><hp:lineseg textpos="0" vertpos="0" vertsize="1600" textheight="1600" baseline="1360" spacing="960" horzpos="0" horzsize="47464" flags="1441792"/></hp:linesegarray></hp:p></hp:subList><hp:cellAddr colAddr="0" rowAddr="1"/><hp:cellSpan colSpan="21" rowSpan="1"/><hp:cellSz width="47749" height="5727"/><hp:cellMargin left="141" right="141" top="141" bottom="141"/></hp:tc></hp:tr><hp:tr><hp:tc name="" header="0" hasMargin="0" protect="0" editable="0" dirty="0" borderFillIDRef="5"><hp:subList id="" textDirection="HORIZONTAL" lineWrap="BREAK" vertAlign="CENTER" linkListIDRef="0" linkListNextIDRef="0" textWidth="0" textHeight="0" hasTextRef="0" hasNumRef="0"><hp:p id="0" paraPrIDRef="14" styleIDRef="0" pageBreak="0" columnBreak="0" merged="0"><hp:run charPrIDRef="9"><hp:t>문 서 번 호</hp:t></hp:run><hp:linesegarray><hp:lineseg textpos="0" vertpos="0" vertsize="1000" textheight="1000" baseline="850" spacing="600" horzpos="0" horzsize="12068" flags="393216"/></hp:linesegarray></hp:p></hp:subList><hp:cellAddr colAddr="0" rowAddr="2"/><hp:cellSpan colSpan="6" rowSpan="1"/><hp:cellSz width="12352" height="2897"/><hp:cellMargin left="141" right="141" top="141" bottom="141"/></hp:tc><hp:tc name="" header="0" hasMargin="0" protect="0" editable="0" dirty="0" borderFillIDRef="4"><hp:subList id="" textDirection="HORIZONTAL" lineWrap="BREAK" vertAlign="CENTER" linkListIDRef="0" linkListNextIDRef="0" textWidth="0" textHeight="0" hasTextRef="0" hasNumRef="0"><hp:p id="0" paraPrIDRef="15" styleIDRef="0" pageBreak="0" columnBreak="0" merged="0"><hp:run charPrIDRef="9"><hp:t>징수과-123</hp:t></hp:run><hp:linesegarray><hp:lineseg textpos="0" vertpos="0" vertsize="1000" textheight="1000" baseline="850" spacing="600" horzpos="0" horzsize="11712" flags="393216"/></hp:linesegarray></hp:p></hp:subList><hp:cellAddr colAddr="6" rowAddr="2"/><hp:cellSpan colSpan="6" rowSpan="1"/><hp:cellSz width="11997" height="2897"/><hp:cellMargin left="141" right="141" top="141" bottom="141"/></hp:tc><hp:tc name="" header="0" hasMargin="0" protect="0" editable="0" dirty="0" borderFillIDRef="4"><hp:subList id="" textDirection="HORIZONTAL" lineWrap="BREAK" vertAlign="CENTER" linkListIDRef="0" linkListNextIDRef="0" textWidth="0" textHeight="0" hasTextRef="0" hasNumRef="0"><hp:p id="0" paraPrIDRef="14" styleIDRef="0" pageBreak="0" columnBreak="0" merged="0"><hp:run charPrIDRef="9"><hp:t>사 건 번 호</hp:t></hp:run><hp:linesegarray><hp:lineseg textpos="0" vertpos="0" vertsize="1000" textheight="1000" baseline="850" spacing="600" horzpos="0" horzsize="11124" flags="393216"/></hp:linesegarray></hp:p></hp:subList><hp:cellAddr colAddr="12" rowAddr="2"/><hp:cellSpan colSpan="4" rowSpan="1"/><hp:cellSz width="11408" height="2897"/><hp:cellMargin left="141" right="141" top="141" bottom="141"/></hp:tc><hp:tc name="" header="0" hasMargin="0" protect="0" editable="0" dirty="0" borderFillIDRef="6"><hp:subList id="" textDirection="HORIZONTAL" lineWrap="BREAK" vertAlign="CENTER" linkListIDRef="0" linkListNextIDRef="0" textWidth="0" textHeight="0" hasTextRef="0" hasNumRef="0"><hp:p id="0" paraPrIDRef="15" styleIDRef="0" pageBreak="0" columnBreak="0" merged="0"><hp:run charPrIDRef="9"><hp:t>2023-123</hp:t></hp:run><hp:linesegarray><hp:lineseg textpos="0" vertpos="0" vertsize="1000" textheight="1000" baseline="850" spacing="600" horzpos="0" horzsize="11708" flags="393216"/></hp:linesegarray></hp:p></hp:subList><hp:cellAddr colAddr="16" rowAddr="2"/><hp:cellSpan colSpan="5" rowSpan="1"/><hp:cellSz width="11992" height="2897"/><hp:cellMargin left="141" right="141" top="141" bottom="141"/></hp:tc></hp:tr><hp:tr><hp:tc name="" header="0" hasMargin="0" protect="0" editable="0" dirty="0" borderFillIDRef="5"><hp:subList id="" textDirection="HORIZONTAL" lineWrap="BREAK" vertAlign="CENTER" linkListIDRef="0" linkListNextIDRef="0" textWidth="0" textHeight="0" hasTextRef="0" hasNumRef="0"><hp:p id="0" paraPrIDRef="14" styleIDRef="0" pageBreak="0" columnBreak="0" merged="0"><hp:run charPrIDRef="9"><hp:t>체납자</hp:t></hp:run><hp:linesegarray><hp:lineseg textpos="0" vertpos="0" vertsize="1000" textheight="1000" baseline="850" spacing="600" horzpos="0" horzsize="4132" flags="393216"/></hp:linesegarray></hp:p></hp:subList><hp:cellAddr colAddr="0" rowAddr="3"/><hp:cellSpan colSpan="1" rowSpan="2"/><hp:cellSz width="4417" height="5861"/><hp:cellMargin left="141" right="141" top="141" bottom="141"/></hp:tc><hp:tc name="" header="0" hasMargin="0" protect="0" editable="0" dirty="0" borderFillIDRef="4"><hp:subList id="" textDirection="HORIZONTAL" lineWrap="BREAK" vertAlign="CENTER" linkListIDRef="0" linkListNextIDRef="0" textWidth="0" textHeight="0" hasTextRef="0" hasNumRef="0"><hp:p id="0" paraPrIDRef="16" styleIDRef="0" pageBreak="0" columnBreak="0" merged="0"><hp:run charPrIDRef="9"><hp:t>성명</hp:t></hp:run><hp:linesegarray><hp:lineseg textpos="0" vertpos="0" vertsize="1000" textheight="1000" baseline="850" spacing="300" horzpos="0" horzsize="7652" flags="393216"/></hp:linesegarray></hp:p><hp:p id="0" paraPrIDRef="14" styleIDRef="0" pageBreak="0" columnBreak="0" merged="0"><hp:run charPrIDRef="9"><hp:t>(법인명)</hp:t></hp:run><hp:linesegarray><hp:lineseg textpos="0" vertpos="1300" vertsize="1000" textheight="1000" baseline="850" spacing="600" horzpos="0" horzsize="7652" flags="393216"/></hp:linesegarray></hp:p></hp:subList><hp:cellAddr colAddr="1" rowAddr="3"/><hp:cellSpan colSpan="5" rowSpan="1"/><hp:cellSz width="7935" height="2964"/><hp:cellMargin left="141" right="141" top="141" bottom="141"/></hp:tc><hp:tc name="" header="0" hasMargin="0" protect="0" editable="0" dirty="0" borderFillIDRef="4"><hp:subList id="" textDirection="HORIZONTAL" lineWrap="BREAK" vertAlign="CENTER" linkListIDRef="0" linkListNextIDRef="0" textWidth="0" textHeight="0" hasTextRef="0" hasNumRef="0"><hp:p id="0" paraPrIDRef="15" styleIDRef="0" pageBreak="0" columnBreak="0" merged="0"><hp:run charPrIDRef="9"><hp:t>양동호</hp:t></hp:run><hp:linesegarray><hp:lineseg textpos="0" vertpos="0" vertsize="1000" textheight="1000" baseline="850" spacing="600" horzpos="0" horzsize="11712" flags="393216"/></hp:linesegarray></hp:p></hp:subList><hp:cellAddr colAddr="6" rowAddr="3"/><hp:cellSpan colSpan="6" rowSpan="1"/><hp:cellSz width="11997" height="2964"/><hp:cellMargin left="141" right="141" top="141" bottom="141"/></hp:tc><hp:tc name="" header="0" hasMargin="0" protect="0" editable="0" dirty="0" borderFillIDRef="4"><hp:subList id="" textDirection="HORIZONTAL" lineWrap="BREAK" vertAlign="CENTER" linkListIDRef="0" linkListNextIDRef="0" textWidth="0" textHeight="0" hasTextRef="0" hasNumRef="0"><hp:p id="0" paraPrIDRef="16" styleIDRef="0" pageBreak="0" columnBreak="0" merged="0"><hp:run charPrIDRef="9"><hp:t>주민(법인ㆍ외국인)</hp:t></hp:run><hp:linesegarray><hp:lineseg textpos="0" vertpos="0" vertsize="1000" textheight="1000" baseline="850" spacing="300" horzpos="0" horzsize="11124" flags="393216"/></hp:linesegarray></hp:p><hp:p id="0" paraPrIDRef="14" styleIDRef="0" pageBreak="0" columnBreak="0" merged="0"><hp:run charPrIDRef="9"><hp:t>등록번호</hp:t></hp:run><hp:linesegarray><hp:lineseg textpos="0" vertpos="1300" vertsize="1000" textheight="1000" baseline="850" spacing="600" horzpos="0" horzsize="11124" flags="393216"/></hp:linesegarray></hp:p></hp:subList><hp:cellAddr colAddr="12" rowAddr="3"/><hp:cellSpan colSpan="4" rowSpan="1"/><hp:cellSz width="11408" height="2964"/><hp:cellMargin left="141" right="141" top="141" bottom="141"/></hp:tc><hp:tc name="" header="0" hasMargin="0" protect="0" editable="0" dirty="0" borderFillIDRef="6"><hp:subList id="" textDirection="HORIZONTAL" lineWrap="BREAK" vertAlign="CENTER" linkListIDRef="0" linkListNextIDRef="0" textWidth="0" textHeight="0" hasTextRef="0" hasNumRef="0"><hp:p id="0" paraPrIDRef="15" styleIDRef="0" pageBreak="0" columnBreak="0" merged="0"><hp:run charPrIDRef="9"><hp:t>111111-1111111</hp:t></hp:run><hp:linesegarray><hp:lineseg textpos="0" vertpos="0" vertsize="1000" textheight="1000" baseline="850" spacing="600" horzpos="0" horzsize="11708" flags="393216"/></hp:linesegarray></hp:p></hp:subList><hp:cellAddr colAddr="16" rowAddr="3"/><hp:cellSpan colSpan="5" rowSpan="1"/><hp:cellSz width="11992" height="2964"/><hp:cellMargin left="141" right="141" top="141" bottom="141"/></hp:tc></hp:tr><hp:tr><hp:tc name="" header="0" hasMargin="0" protect="0" editable="0" dirty="0" borderFillIDRef="4"><hp:subList id="" textDirection="HORIZONTAL" lineWrap="BREAK" vertAlign="CENTER" linkListIDRef="0" linkListNextIDRef="0" textWidth="0" textHeight="0" hasTextRef="0" hasNumRef="0"><hp:p id="0" paraPrIDRef="16" styleIDRef="0" pageBreak="0" columnBreak="0" merged="0"><hp:run charPrIDRef="9"><hp:t>주소</hp:t></hp:run><hp:linesegarray><hp:lineseg textpos="0" vertpos="0" vertsize="1000" textheight="1000" baseline="850" spacing="300" horzpos="0" horzsize="7652" flags="393216"/></hp:linesegarray></hp:p><hp:p id="0" paraPrIDRef="14" styleIDRef="0" pageBreak="0" columnBreak="0" merged="0"><hp:run charPrIDRef="9"><hp:t>(영업소)</hp:t></hp:run><hp:linesegarray><hp:lineseg textpos="0" vertpos="1300" vertsize="1000" textheight="1000" baseline="850" spacing="600" horzpos="0" horzsize="7652" flags="393216"/></hp:linesegarray></hp:p></hp:subList><hp:cellAddr colAddr="1" rowAddr="4"/><hp:cellSpan colSpan="5" rowSpan="1"/><hp:cellSz width="7935" height="2897"/><hp:cellMargin left="141" right="141" top="141" bottom="141"/></hp:tc><hp:tc name="" header="0" hasMargin="0" protect="0" editable="0" dirty="0" borderFillIDRef="6"><hp:subList id="" textDirection="HORIZONTAL" lineWrap="BREAK" vertAlign="CENTER" linkListIDRef="0" linkListNextIDRef="0" textWidth="0" textHeight="0" hasTextRef="0" hasNumRef="0"><hp:p id="0" paraPrIDRef="35" styleIDRef="0" pageBreak="0" columnBreak="0" merged="0"><hp:run charPrIDRef="9"><hp:t> 경기 하남</hp:t></hp:run><hp:linesegarray><hp:lineseg textpos="0" vertpos="0" vertsize="1000" textheight="1000" baseline="850" spacing="600" horzpos="0" horzsize="35112" flags="393216"/></hp:linesegarray></hp:p></hp:subList><hp:cellAddr colAddr="6" rowAddr="4"/><hp:cellSpan colSpan="15" rowSpan="1"/><hp:cellSz width="35397" height="2897"/><hp:cellMargin left="141" right="141" top="141" bottom="141"/></hp:tc></hp:tr><hp:tr><hp:tc name="" header="0" hasMargin="0" protect="0" editable="0" dirty="0" borderFillIDRef="5"><hp:subList id="" textDirection="HORIZONTAL" lineWrap="BREAK" vertAlign="CENTER" linkListIDRef="0" linkListNextIDRef="0" textWidth="0" textHeight="0" hasTextRef="0" hasNumRef="0"><hp:p id="0" paraPrIDRef="14" styleIDRef="0" pageBreak="0" columnBreak="0" merged="0"><hp:run charPrIDRef="9"><hp:t>교부청구 금액</hp:t></hp:run><hp:linesegarray><hp:lineseg textpos="0" vertpos="0" vertsize="1000" textheight="1000" baseline="850" spacing="600" horzpos="0" horzsize="12068" flags="393216"/></hp:linesegarray></hp:p></hp:subList><hp:cellAddr colAddr="0" rowAddr="5"/><hp:cellSpan colSpan="6" rowSpan="1"/><hp:cellSz width="12352" height="2897"/><hp:cellMargin left="141" right="141" top="141" bottom="141"/></hp:tc><hp:tc name="" header="0" hasMargin="0" protect="0" editable="0" dirty="0" borderFillIDRef="6"><hp:subList id="" textDirection="HORIZONTAL" lineWrap="BREAK" vertAlign="CENTER" linkListIDRef="0" linkListNextIDRef="0" textWidth="0" textHeight="0" hasTextRef="0" hasNumRef="0"><hp:p id="0" paraPrIDRef="15" styleIDRef="0" pageBreak="0" columnBreak="0" merged="0"><hp:run charPrIDRef="9"><hp:t>128,600원(금일십이만팔천육백원정)</hp:t></hp:run><hp:linesegarray><hp:lineseg textpos="0" vertpos="0" vertsize="1000" textheight="1000" baseline="850" spacing="600" horzpos="0" horzsize="35112" flags="393216"/></hp:linesegarray></hp:p></hp:subList><hp:cellAddr colAddr="6" rowAddr="5"/><hp:cellSpan colSpan="15" rowSpan="1"/><hp:cellSz width="35397" height="2897"/><hp:cellMargin left="141" right="141" top="141" bottom="141"/></hp:tc></hp:tr><hp:tr><hp:tc name="" header="0" hasMargin="0" protect="0" editable="0" dirty="0" borderFillIDRef="14"><hp:subList id="" textDirection="HORIZONTAL" lineWrap="BREAK" vertAlign="CENTER" linkListIDRef="0" linkListNextIDRef="0" textWidth="0" textHeight="0" hasTextRef="0" hasNumRef="0"><hp:p id="0" paraPrIDRef="14" styleIDRef="0" pageBreak="0" columnBreak="0" merged="0"><hp:run charPrIDRef="9"><hp:t>교부청구에 관계된 체납액의 내용</hp:t></hp:run><hp:linesegarray><hp:lineseg textpos="0" vertpos="0" vertsize="1000" textheight="1000" baseline="850" spacing="600" horzpos="0" horzsize="47464" flags="393216"/></hp:linesegarray></hp:p></hp:subList><hp:cellAddr colAddr="0" rowAddr="6"/><hp:cellSpan colSpan="21" rowSpan="1"/><hp:cellSz width="47749" height="2897"/><hp:cellMargin left="141" right="141" top="141" bottom="141"/></hp:tc></hp:tr><hp:tr><hp:tc name="" header="0" hasMargin="0" protect="0" editable="0" dirty="0" borderFillIDRef="5"><hp:subList id="" textDirection="HORIZONTAL" lineWrap="BREAK" vertAlign="CENTER" linkListIDRef="0" linkListNextIDRef="0" textWidth="0" textHeight="0" hasTextRef="0" hasNumRef="0"><hp:p id="0" paraPrIDRef="15" styleIDRef="0" pageBreak="0" columnBreak="0" merged="0"><hp:run charPrIDRef="9"><hp:t>과세연도</hp:t></hp:run><hp:linesegarray><hp:lineseg textpos="0" vertpos="0" vertsize="1000" textheight="1000" baseline="850" spacing="600" horzpos="0" horzsize="4348" flags="393216"/></hp:linesegarray></hp:p></hp:subList><hp:cellAddr colAddr="0" rowAddr="7"/><hp:cellSpan colSpan="2" rowSpan="2"/><hp:cellSz width="4632" height="4096"/><hp:cellMargin left="141" right="141" top="141" bottom="141"/></hp:tc><hp:tc name="" header="0" hasMargin="0" protect="0" editable="0" dirty="0" borderFillIDRef="4"><hp:subList id="" textDirection="HORIZONTAL" lineWrap="BREAK" vertAlign="CENTER" linkListIDRef="0" linkListNextIDRef="0" textWidth="0" textHeight="0" hasTextRef="0" hasNumRef="0"><hp:p id="0" paraPrIDRef="15" styleIDRef="0" pageBreak="0" columnBreak="0" merged="0"><hp:run charPrIDRef="9"><hp:t>과세번호</hp:t></hp:run><hp:linesegarray><hp:lineseg textpos="0" vertpos="0" vertsize="1000" textheight="1000" baseline="850" spacing="600" horzpos="0" horzsize="4348" flags="393216"/></hp:linesegarray></hp:p></hp:subList><hp:cellAddr colAddr="2" rowAddr="7"/><hp:cellSpan colSpan="3" rowSpan="2"/><hp:cellSz width="4632" height="4096"/><hp:cellMargin left="141" right="141" top="141" bottom="141"/></hp:tc><hp:tc name="" header="0" hasMargin="0" protect="0" editable="0" dirty="0" borderFillIDRef="4"><hp:subList id="" textDirection="HORIZONTAL" lineWrap="BREAK" vertAlign="CENTER" linkListIDRef="0" linkListNextIDRef="0" textWidth="0" textHeight="0" hasTextRef="0" hasNumRef="0"><hp:p id="0" paraPrIDRef="15" styleIDRef="0" pageBreak="0" columnBreak="0" merged="0"><hp:run charPrIDRef="9"><hp:t>법정기일</hp:t></hp:run><hp:linesegarray><hp:lineseg textpos="0" vertpos="0" vertsize="1000" textheight="1000" baseline="850" spacing="600" horzpos="0" horzsize="4348" flags="393216"/></hp:linesegarray></hp:p></hp:subList><hp:cellAddr colAddr="5" rowAddr="7"/><hp:cellSpan colSpan="3" rowSpan="2"/><hp:cellSz width="4632" height="4096"/><hp:cellMargin left="141" right="141" top="141" bottom="141"/></hp:tc><hp:tc name="" header="0" hasMargin="0" protect="0" editable="0" dirty="0" borderFillIDRef="4"><hp:subList id="" textDirection="HORIZONTAL" lineWrap="BREAK" vertAlign="CENTER" linkListIDRef="0" linkListNextIDRef="0" textWidth="0" textHeight="0" hasTextRef="0" hasNumRef="0"><hp:p id="0" paraPrIDRef="15" styleIDRef="0" pageBreak="0" columnBreak="0" merged="0"><hp:run charPrIDRef="9"><hp:t>세목</hp:t></hp:run><hp:linesegarray><hp:lineseg textpos="0" vertpos="0" vertsize="1000" textheight="1000" baseline="850" spacing="600" horzpos="0" horzsize="4348" flags="393216"/></hp:linesegarray></hp:p></hp:subList><hp:cellAddr colAddr="8" rowAddr="7"/><hp:cellSpan colSpan="2" rowSpan="2"/><hp:cellSz width="4632" height="4096"/><hp:cellMargin left="141" right="141" top="141" bottom="141"/></hp:tc><hp:tc name="" header="0" hasMargin="0" protect="0" editable="0" dirty="0" borderFillIDRef="4"><hp:subList id="" textDirection="HORIZONTAL" lineWrap="BREAK" vertAlign="CENTER" linkListIDRef="0" linkListNextIDRef="0" textWidth="0" textHeight="0" hasTextRef="0" hasNumRef="0"><hp:p id="0" paraPrIDRef="15" styleIDRef="0" pageBreak="0" columnBreak="0" merged="0"><hp:run charPrIDRef="9"><hp:t>세액</hp:t></hp:run><hp:linesegarray><hp:lineseg textpos="0" vertpos="0" vertsize="1000" textheight="1000" baseline="850" spacing="600" horzpos="0" horzsize="5536" flags="393216"/></hp:linesegarray></hp:p></hp:subList><hp:cellAddr colAddr="10" rowAddr="7"/><hp:cellSpan colSpan="2" rowSpan="1"/><hp:cellSz width="5821" height="2048"/><hp:cellMargin left="141" right="141" top="141" bottom="141"/></hp:tc><hp:tc name="" header="0" hasMargin="0" protect="0" editable="0" dirty="0" borderFillIDRef="4"><hp:subList id="" textDirection="HORIZONTAL" lineWrap="BREAK" vertAlign="CENTER" linkListIDRef="0" linkListNextIDRef="0" textWidth="0" textHeight="0" hasTextRef="0" hasNumRef="0"><hp:p id="0" paraPrIDRef="15" styleIDRef="0" pageBreak="0" columnBreak="0" merged="0"><hp:run charPrIDRef="9"><hp:t>가산세</hp:t></hp:run><hp:linesegarray><hp:lineseg textpos="0" vertpos="0" vertsize="1000" textheight="1000" baseline="850" spacing="600" horzpos="0" horzsize="5536" flags="393216"/></hp:linesegarray></hp:p></hp:subList><hp:cellAddr colAddr="12" rowAddr="7"/><hp:cellSpan colSpan="2" rowSpan="1"/><hp:cellSz width="5821" height="2048"/><hp:cellMargin left="141" right="141" top="141" bottom="141"/></hp:tc><hp:tc name="" header="0" hasMargin="0" protect="0" editable="0" dirty="0" borderFillIDRef="4"><hp:subList id="" textDirection="HORIZONTAL" lineWrap="BREAK" vertAlign="CENTER" linkListIDRef="0" linkListNextIDRef="0" textWidth="0" textHeight="0" hasTextRef="0" hasNumRef="0"><hp:p id="0" paraPrIDRef="15" styleIDRef="0" pageBreak="0" columnBreak="0" merged="0"><hp:run charPrIDRef="9"><hp:t>가산금</hp:t></hp:run><hp:linesegarray><hp:lineseg textpos="0" vertpos="0" vertsize="1000" textheight="1000" baseline="850" spacing="600" horzpos="0" horzsize="5536" flags="393216"/></hp:linesegarray></hp:p></hp:subList><hp:cellAddr colAddr="14" rowAddr="7"/><hp:cellSpan colSpan="3" rowSpan="1"/><hp:cellSz width="5821" height="2048"/><hp:cellMargin left="141" right="141" top="141" bottom="141"/></hp:tc><hp:tc name="" header="0" hasMargin="0" protect="0" editable="0" dirty="0" borderFillIDRef="4"><hp:subList id="" textDirection="HORIZONTAL" lineWrap="BREAK" vertAlign="CENTER" linkListIDRef="0" linkListNextIDRef="0" textWidth="0" textHeight="0" hasTextRef="0" hasNumRef="0"><hp:p id="0" paraPrIDRef="15" styleIDRef="0" pageBreak="0" columnBreak="0" merged="0"><hp:run charPrIDRef="9"><hp:t>계</hp:t></hp:run><hp:linesegarray><hp:lineseg textpos="0" vertpos="0" vertsize="1000" textheight="1000" baseline="850" spacing="600" horzpos="0" horzsize="5540" flags="393216"/></hp:linesegarray></hp:p></hp:subList><hp:cellAddr colAddr="17" rowAddr="7"/><hp:cellSpan colSpan="2" rowSpan="1"/><hp:cellSz width="5822" height="2048"/><hp:cellMargin left="141" right="141" top="141" bottom="141"/></hp:tc><hp:tc name="" header="0" hasMargin="0" protect="0" editable="0" dirty="0" borderFillIDRef="6"><hp:subList id="" textDirection="HORIZONTAL" lineWrap="BREAK" vertAlign="CENTER" linkListIDRef="0" linkListNextIDRef="0" textWidth="0" textHeight="0" hasTextRef="0" hasNumRef="0"><hp:p id="0" paraPrIDRef="15" styleIDRef="0" pageBreak="0" columnBreak="0" merged="0"><hp:run charPrIDRef="9"><hp:t>비고</hp:t></hp:run><hp:linesegarray><hp:lineseg textpos="0" vertpos="0" vertsize="1000" textheight="1000" baseline="850" spacing="600" horzpos="0" horzsize="5652" flags="393216"/></hp:linesegarray></hp:p></hp:subList><hp:cellAddr colAddr="19" rowAddr="7"/><hp:cellSpan colSpan="2" rowSpan="2"/><hp:cellSz width="5936" height="4096"/><hp:cellMargin left="141" right="141" top="141" bottom="141"/></hp:tc></hp:tr><hp:tr><hp:tc name="" header="0" hasMargin="0" protect="0" editable="0" dirty="0" borderFillIDRef="4"><hp:subList id="" textDirection="HORIZONTAL" lineWrap="BREAK" vertAlign="CENTER" linkListIDRef="0" linkListNextIDRef="0" textWidth="0" textHeight="0" hasTextRef="0" hasNumRef="0"><hp:p id="0" paraPrIDRef="15" styleIDRef="0" pageBreak="0" columnBreak="0" merged="0"><hp:run charPrIDRef="9"><hp:t>과세대상</hp:t></hp:run><hp:linesegarray><hp:lineseg textpos="0" vertpos="0" vertsize="1000" textheight="1000" baseline="850" spacing="600" horzpos="0" horzsize="23000" flags="393216"/></hp:linesegarray></hp:p></hp:subList><hp:cellAddr colAddr="10" rowAddr="8"/><hp:cellSpan colSpan="9" rowSpan="1"/><hp:cellSz width="23285" height="2048"/><hp:cellMargin left="141" right="141" top="141" bottom="141"/></hp:tc></hp:tr><hp:tr><hp:tc name="" header="0" hasMargin="0" protect="0" editable="0" dirty="0" borderFillIDRef="5"><hp:subList id="" textDirection="HORIZONTAL" lineWrap="BREAK" vertAlign="CENTER" linkListIDRef="0" linkListNextIDRef="0" textWidth="0" textHeight="0" hasTextRef="0" hasNumRef="0"><hp:p id="0" paraPrIDRef="15" styleIDRef="0" pageBreak="0" columnBreak="0" merged="0"><hp:run charPrIDRef="9"><hp:t>2022</hp:t></hp:run><hp:linesegarray><hp:lineseg textpos="0" vertpos="0" vertsize="1000" textheight="1000" baseline="850" spacing="600" horzpos="0" horzsize="4348" flags="393216"/></hp:linesegarray></hp:p></hp:subList><hp:cellAddr colAddr="0" rowAddr="9"/><hp:cellSpan colSpan="2" rowSpan="2"/><hp:cellSz width="4632" height="3652"/><hp:cellMargin left="141" right="141" top="141" bottom="141"/></hp:tc><hp:tc name="" header="0" hasMargin="0" protect="0" editable="0" dirty="0" borderFillIDRef="4"><hp:subList id="" textDirection="HORIZONTAL" lineWrap="BREAK" vertAlign="CENTER" linkListIDRef="0" linkListNextIDRef="0" textWidth="0" textHeight="0" hasTextRef="0" hasNumRef="0"><hp:p id="0" paraPrIDRef="15" styleIDRef="0" pageBreak="0" columnBreak="0" merged="0"><hp:run charPrIDRef="9"><hp:t>0231425</hp:t></hp:run><hp:linesegarray><hp:lineseg textpos="0" vertpos="0" vertsize="1000" textheight="1000" baseline="850" spacing="600" horzpos="0" horzsize="4348" flags="393216"/></hp:linesegarray></hp:p></hp:subList><hp:cellAddr colAddr="2" rowAddr="9"/><hp:cellSpan colSpan="3" rowSpan="2"/><hp:cellSz width="4632" height="3652"/><hp:cellMargin left="141" right="141" top="141" bottom="141"/></hp:tc><hp:tc name="" header="0" hasMargin="0" protect="0" editable="0" dirty="0" borderFillIDRef="4"><hp:subList id="" textDirection="HORIZONTAL" lineWrap="BREAK" vertAlign="CENTER" linkListIDRef="0" linkListNextIDRef="0" textWidth="0" textHeight="0" hasTextRef="0" hasNumRef="0"><hp:p id="0" paraPrIDRef="15" styleIDRef="0" pageBreak="0" columnBreak="0" merged="0"><hp:run charPrIDRef="9"><hp:t>2022-5-30</hp:t></hp:run><hp:linesegarray><hp:lineseg textpos="0" vertpos="0" vertsize="1000" textheight="1000" baseline="850" spacing="600" horzpos="0" horzsize="4348" flags="393216"/></hp:linesegarray></hp:p></hp:subList><hp:cellAddr colAddr="5" rowAddr="9"/><hp:cellSpan colSpan="3" rowSpan="2"/><hp:cellSz width="4632" height="3652"/><hp:cellMargin left="141" right="141" top="141" bottom="141"/></hp:tc><hp:tc name="" header="0" hasMargin="0" protect="0" editable="0" dirty="0" borderFillIDRef="4"><hp:subList id="" textDirection="HORIZONTAL" lineWrap="BREAK" vertAlign="CENTER" linkListIDRef="0" linkListNextIDRef="0" textWidth="0" textHeight="0" hasTextRef="0" hasNumRef="0"><hp:p id="0" paraPrIDRef="15" styleIDRef="0" pageBreak="0" columnBreak="0" merged="0"><hp:run charPrIDRef="9"><hp:t>주정차위반과태료</hp:t></hp:run><hp:linesegarray><hp:lineseg textpos="0" vertpos="0" vertsize="1000" textheight="1000" baseline="850" spacing="600" horzpos="0" horzsize="4348" flags="393216"/></hp:linesegarray></hp:p></hp:subList><hp:cellAddr colAddr="8" rowAddr="9"/><hp:cellSpan colSpan="2" rowSpan="2"/><hp:cellSz width="4632" height="3652"/><hp:cellMargin left="141" right="141" top="141" bottom="141"/></hp:tc><hp:tc name="" header="0" hasMargin="0" protect="0" editable="0" dirty="0" borderFillIDRef="4"><hp:subList id="" textDirection="HORIZONTAL" lineWrap="BREAK" vertAlign="CENTER" linkListIDRef="0" linkListNextIDRef="0" textWidth="0" textHeight="0" hasTextRef="0" hasNumRef="0"><hp:p id="0" paraPrIDRef="15" styleIDRef="0" pageBreak="0" columnBreak="0" merged="0"><hp:run charPrIDRef="9"><hp:t>40000</hp:t></hp:run><hp:linesegarray><hp:lineseg textpos="0" vertpos="0" vertsize="1000" textheight="1000" baseline="850" spacing="600" horzpos="0" horzsize="5536" flags="393216"/></hp:linesegarray></hp:p></hp:subList><hp:cellAddr colAddr="10" rowAddr="9"/><hp:cellSpan colSpan="2" rowSpan="1"/><hp:cellSz width="5821" height="1826"/><hp:cellMargin left="141" right="141" top="141" bottom="141"/></hp:tc><hp:tc name="" header="0" hasMargin="0" protect="0" editable="0" dirty="0" borderFillIDRef="4"><hp:subList id="" textDirection="HORIZONTAL" lineWrap="BREAK" vertAlign="CENTER" linkListIDRef="0" linkListNextIDRef="0" textWidth="0" textHeight="0" hasTextRef="0" hasNumRef="0"><hp:p id="0" paraPrIDRef="15" styleIDRef="0" pageBreak="0" columnBreak="0" merged="0"><hp:run charPrIDRef="9"/><hp:linesegarray><hp:lineseg textpos="0" vertpos="0" vertsize="1000" textheight="1000" baseline="850" spacing="600" horzpos="0" horzsize="5536" flags="393216"/></hp:linesegarray></hp:p></hp:subList><hp:cellAddr colAddr="12" rowAddr="9"/><hp:cellSpan colSpan="2" rowSpan="1"/><hp:cellSz width="5821" height="1826"/><hp:cellMargin left="141" right="141" top="141" bottom="141"/></hp:tc><hp:tc name="" header="0" hasMargin="0" protect="0" editable="0" dirty="0" borderFillIDRef="4"><hp:subList id="" textDirection="HORIZONTAL" lineWrap="BREAK" vertAlign="CENTER" linkListIDRef="0" linkListNextIDRef="0" textWidth="0" textHeight="0" hasTextRef="0" hasNumRef="0"><hp:p id="0" paraPrIDRef="15" styleIDRef="0" pageBreak="0" columnBreak="0" merged="0"><hp:run charPrIDRef="9"><hp:t>400</hp:t></hp:run><hp:linesegarray><hp:lineseg textpos="0" vertpos="0" vertsize="1000" textheight="1000" baseline="850" spacing="600" horzpos="0" horzsize="5536" flags="393216"/></hp:linesegarray></hp:p></hp:subList><hp:cellAddr colAddr="14" rowAddr="9"/><hp:cellSpan colSpan="3" rowSpan="1"/><hp:cellSz width="5821" height="1826"/><hp:cellMargin left="141" right="141" top="141" bottom="141"/></hp:tc><hp:tc name="" header="0" hasMargin="0" protect="0" editable="0" dirty="0" borderFillIDRef="4"><hp:subList id="" textDirection="HORIZONTAL" lineWrap="BREAK" vertAlign="CENTER" linkListIDRef="0" linkListNextIDRef="0" textWidth="0" textHeight="0" hasTextRef="0" hasNumRef="0"><hp:p id="0" paraPrIDRef="15" styleIDRef="0" pageBreak="0" columnBreak="0" merged="0"><hp:run charPrIDRef="9"><hp:t>40400</hp:t></hp:run><hp:linesegarray><hp:lineseg textpos="0" vertpos="0" vertsize="1000" textheight="1000" baseline="850" spacing="600" horzpos="0" horzsize="5540" flags="393216"/></hp:linesegarray></hp:p></hp:subList><hp:cellAddr colAddr="17" rowAddr="9"/><hp:cellSpan colSpan="2" rowSpan="1"/><hp:cellSz width="5822" height="1826"/><hp:cellMargin left="141" right="141" top="141" bottom="141"/></hp:tc><hp:tc name="" header="0" hasMargin="0" protect="0" editable="0" dirty="0" borderFillIDRef="6"><hp:subList id="" textDirection="HORIZONTAL" lineWrap="BREAK" vertAlign="CENTER" linkListIDRef="0" linkListNextIDRef="0" textWidth="0" textHeight="0" hasTextRef="0" hasNumRef="0"><hp:p id="0" paraPrIDRef="15" styleIDRef="0" pageBreak="0" columnBreak="0" merged="0"><hp:run charPrIDRef="9"/><hp:linesegarray><hp:lineseg textpos="0" vertpos="0" vertsize="1000" textheight="1000" baseline="850" spacing="600" horzpos="0" horzsize="5652" flags="393216"/></hp:linesegarray></hp:p></hp:subList><hp:cellAddr colAddr="19" rowAddr="9"/><hp:cellSpan colSpan="2" rowSpan="2"/><hp:cellSz width="5936" height="3652"/><hp:cellMargin left="141" right="141" top="141" bottom="141"/></hp:tc></hp:tr><hp:tr><hp:tc name="" header="0" hasMargin="0" protect="0" editable="0" dirty="0" borderFillIDRef="4"><hp:subList id="" textDirection="HORIZONTAL" lineWrap="BREAK" vertAlign="CENTER" linkListIDRef="0" linkListNextIDRef="0" textWidth="0" textHeight="0" hasTextRef="0" hasNumRef="0"><hp:p id="0" paraPrIDRef="0" styleIDRef="0" pageBreak="0" columnBreak="0" merged="0"><hp:run charPrIDRef="9"/><hp:linesegarray><hp:lineseg textpos="0" vertpos="0" vertsize="1000" textheight="1000" baseline="850" spacing="600" horzpos="0" horzsize="23000" flags="393216"/></hp:linesegarray></hp:p></hp:subList><hp:cellAddr colAddr="10" rowAddr="10"/><hp:cellSpan colSpan="9" rowSpan="1"/><hp:cellSz width="23285" height="1826"/><hp:cellMargin left="141" right="141" top="141" bottom="141"/></hp:tc></hp:tr><hp:tr><hp:tc name="" header="0" hasMargin="0" protect="0" editable="0" dirty="0" borderFillIDRef="5"><hp:subList id="" textDirection="HORIZONTAL" lineWrap="BREAK" vertAlign="CENTER" linkListIDRef="0" linkListNextIDRef="0" textWidth="0" textHeight="0" hasTextRef="0" hasNumRef="0"><hp:p id="0" paraPrIDRef="15" styleIDRef="0" pageBreak="0" columnBreak="0" merged="0"><hp:run charPrIDRef="9"><hp:t>2021</hp:t></hp:run><hp:linesegarray><hp:lineseg textpos="0" vertpos="0" vertsize="1000" textheight="1000" baseline="850" spacing="600" horzpos="0" horzsize="4348" flags="393216"/></hp:linesegarray></hp:p></hp:subList><hp:cellAddr colAddr="0" rowAddr="11"/><hp:cellSpan colSpan="2" rowSpan="2"/><hp:cellSz width="4632" height="3652"/><hp:cellMargin left="141" right="141" top="141" bottom="141"/></hp:tc><hp:tc name="" header="0" hasMargin="0" protect="0" editable="0" dirty="0" borderFillIDRef="4"><hp:subList id="" textDirection="HORIZONTAL" lineWrap="BREAK" vertAlign="CENTER" linkListIDRef="0" linkListNextIDRef="0" textWidth="0" textHeight="0" hasTextRef="0" hasNumRef="0"><hp:p id="0" paraPrIDRef="15" styleIDRef="0" pageBreak="0" columnBreak="0" merged="0"><hp:run charPrIDRef="9"><hp:t>0231426</hp:t></hp:run><hp:linesegarray><hp:lineseg textpos="0" vertpos="0" vertsize="1000" textheight="1000" baseline="850" spacing="600" horzpos="0" horzsize="4348" flags="393216"/></hp:linesegarray></hp:p></hp:subList><hp:cellAddr colAddr="2" rowAddr="11"/><hp:cellSpan colSpan="3" rowSpan="2"/><hp:cellSz width="4632" height="3652"/><hp:cellMargin left="141" right="141" top="141" bottom="141"/></hp:tc><hp:tc name="" header="0" hasMargin="0" protect="0" editable="0" dirty="0" borderFillIDRef="4"><hp:subList id="" textDirection="HORIZONTAL" lineWrap="BREAK" vertAlign="CENTER" linkListIDRef="0" linkListNextIDRef="0" textWidth="0" textHeight="0" hasTextRef="0" hasNumRef="0"><hp:p id="0" paraPrIDRef="15" styleIDRef="0" pageBreak="0" columnBreak="0" merged="0"><hp:run charPrIDRef="9"><hp:t>2021-2-28</hp:t></hp:run><hp:linesegarray><hp:lineseg textpos="0" vertpos="0" vertsize="1000" textheight="1000" baseline="850" spacing="600" horzpos="0" horzsize="4348" flags="393216"/></hp:linesegarray></hp:p></hp:subList><hp:cellAddr colAddr="5" rowAddr="11"/><hp:cellSpan colSpan="3" rowSpan="2"/><hp:cellSz width="4632" height="3652"/><hp:cellMargin left="141" right="141" top="141" bottom="141"/></hp:tc><hp:tc name="" header="0" hasMargin="0" protect="0" editable="0" dirty="0" borderFillIDRef="4"><hp:subList id="" textDirection="HORIZONTAL" lineWrap="BREAK" vertAlign="CENTER" linkListIDRef="0" linkListNextIDRef="0" textWidth="0" textHeight="0" hasTextRef="0" hasNumRef="0"><hp:p id="0" paraPrIDRef="15" styleIDRef="0" pageBreak="0" columnBreak="0" merged="0"><hp:run charPrIDRef="9"><hp:t>주정차위반과태료</hp:t></hp:run><hp:linesegarray><hp:lineseg textpos="0" vertpos="0" vertsize="1000" textheight="1000" baseline="850" spacing="600" horzpos="0" horzsize="4348" flags="393216"/></hp:linesegarray></hp:p></hp:subList><hp:cellAddr colAddr="8" rowAddr="11"/><hp:cellSpan colSpan="2" rowSpan="2"/><hp:cellSz width="4632" height="3652"/><hp:cellMargin left="141" right="141" top="141" bottom="141"/></hp:tc><hp:tc name="" header="0" hasMargin="0" protect="0" editable="0" dirty="0" borderFillIDRef="4"><hp:subList id="" textDirection="HORIZONTAL" lineWrap="BREAK" vertAlign="CENTER" linkListIDRef="0" linkListNextIDRef="0" textWidth="0" textHeight="0" hasTextRef="0" hasNumRef="0"><hp:p id="0" paraPrIDRef="15" styleIDRef="0" pageBreak="0" columnBreak="0" merged="0"><hp:run charPrIDRef="9"><hp:t>45000</hp:t></hp:run><hp:linesegarray><hp:lineseg textpos="0" vertpos="0" vertsize="1000" textheight="1000" baseline="850" spacing="600" horzpos="0" horzsize="5536" flags="393216"/></hp:linesegarray></hp:p></hp:subList><hp:cellAddr colAddr="10" rowAddr="11"/><hp:cellSpan colSpan="2" rowSpan="1"/><hp:cellSz width="5821" height="1826"/><hp:cellMargin left="141" right="141" top="141" bottom="141"/></hp:tc><hp:tc name="" header="0" hasMargin="0" protect="0" editable="0" dirty="0" borderFillIDRef="4"><hp:subList id="" textDirection="HORIZONTAL" lineWrap="BREAK" vertAlign="CENTER" linkListIDRef="0" linkListNextIDRef="0" textWidth="0" textHeight="0" hasTextRef="0" hasNumRef="0"><hp:p id="0" paraPrIDRef="15" styleIDRef="0" pageBreak="0" columnBreak="0" merged="0"><hp:run charPrIDRef="9"/><hp:linesegarray><hp:lineseg textpos="0" vertpos="0" vertsize="1000" textheight="1000" baseline="850" spacing="600" horzpos="0" horzsize="5536" flags="393216"/></hp:linesegarray></hp:p></hp:subList><hp:cellAddr colAddr="12" rowAddr="11"/><hp:cellSpan colSpan="2" rowSpan="1"/><hp:cellSz width="5821" height="1826"/><hp:cellMargin left="141" right="141" top="141" bottom="141"/></hp:tc><hp:tc name="" header="0" hasMargin="0" protect="0" editable="0" dirty="0" borderFillIDRef="4"><hp:subList id="" textDirection="HORIZONTAL" lineWrap="BREAK" vertAlign="CENTER" linkListIDRef="0" linkListNextIDRef="0" textWidth="0" textHeight="0" hasTextRef="0" hasNumRef="0"><hp:p id="0" paraPrIDRef="15" styleIDRef="0" pageBreak="0" columnBreak="0" merged="0"><hp:run charPrIDRef="9"><hp:t>100</hp:t></hp:run><hp:linesegarray><hp:lineseg textpos="0" vertpos="0" vertsize="1000" textheight="1000" baseline="850" spacing="600" horzpos="0" horzsize="5536" flags="393216"/></hp:linesegarray></hp:p></hp:subList><hp:cellAddr colAddr="14" rowAddr="11"/><hp:cellSpan colSpan="3" rowSpan="1"/><hp:cellSz width="5821" height="1826"/><hp:cellMargin left="141" right="141" top="141" bottom="141"/></hp:tc><hp:tc name="" header="0" hasMargin="0" protect="0" editable="0" dirty="0" borderFillIDRef="4"><hp:subList id="" textDirection="HORIZONTAL" lineWrap="BREAK" vertAlign="CENTER" linkListIDRef="0" linkListNextIDRef="0" textWidth="0" textHeight="0" hasTextRef="0" hasNumRef="0"><hp:p id="0" paraPrIDRef="15" styleIDRef="0" pageBreak="0" columnBreak="0" merged="0"><hp:run charPrIDRef="9"><hp:t>45100</hp:t></hp:run><hp:linesegarray><hp:lineseg textpos="0" vertpos="0" vertsize="1000" textheight="1000" baseline="850" spacing="600" horzpos="0" horzsize="5540" flags="393216"/></hp:linesegarray></hp:p></hp:subList><hp:cellAddr colAddr="17" rowAddr="11"/><hp:cellSpan colSpan="2" rowSpan="1"/><hp:cellSz width="5822" height="1826"/><hp:cellMargin left="141" right="141" top="141" bottom="141"/></hp:tc><hp:tc name="" header="0" hasMargin="0" protect="0" editable="0" dirty="0" borderFillIDRef="6"><hp:subList id="" textDirection="HORIZONTAL" lineWrap="BREAK" vertAlign="CENTER" linkListIDRef="0" linkListNextIDRef="0" textWidth="0" textHeight="0" hasTextRef="0" hasNumRef="0"><hp:p id="0" paraPrIDRef="15" styleIDRef="0" pageBreak="0" columnBreak="0" merged="0"><hp:run charPrIDRef="9"/><hp:linesegarray><hp:lineseg textpos="0" vertpos="0" vertsize="1000" textheight="1000" baseline="850" spacing="600" horzpos="0" horzsize="5652" flags="393216"/></hp:linesegarray></hp:p></hp:subList><hp:cellAddr colAddr="19" rowAddr="11"/><hp:cellSpan colSpan="2" rowSpan="2"/><hp:cellSz width="5936" height="3652"/><hp:cellMargin left="141" right="141" top="141" bottom="141"/></hp:tc></hp:tr><hp:tr><hp:tc name="" header="0" hasMargin="0" protect="0" editable="0" dirty="0" borderFillIDRef="4"><hp:subList id="" textDirection="HORIZONTAL" lineWrap="BREAK" vertAlign="CENTER" linkListIDRef="0" linkListNextIDRef="0" textWidth="0" textHeight="0" hasTextRef="0" hasNumRef="0"><hp:p id="0" paraPrIDRef="0" styleIDRef="0" pageBreak="0" columnBreak="0" merged="0"><hp:run charPrIDRef="9"/><hp:linesegarray><hp:lineseg textpos="0" vertpos="0" vertsize="1000" textheight="1000" baseline="850" spacing="600" horzpos="0" horzsize="23000" flags="393216"/></hp:linesegarray></hp:p></hp:subList><hp:cellAddr colAddr="10" rowAddr="12"/><hp:cellSpan colSpan="9" rowSpan="1"/><hp:cellSz width="23285" height="1826"/><hp:cellMargin left="141" right="141" top="141" bottom="141"/></hp:tc></hp:tr><hp:tr><hp:tc name="" header="0" hasMargin="0" protect="0" editable="0" dirty="0" borderFillIDRef="5"><hp:subList id="" textDirection="HORIZONTAL" lineWrap="BREAK" vertAlign="CENTER" linkListIDRef="0" linkListNextIDRef="0" textWidth="0" textHeight="0" hasTextRef="0" hasNumRef="0"><hp:p id="0" paraPrIDRef="15" styleIDRef="0" pageBreak="0" columnBreak="0" merged="0"><hp:run charPrIDRef="9"><hp:t>2021</hp:t></hp:run><hp:linesegarray><hp:lineseg textpos="0" vertpos="0" vertsize="1000" textheight="1000" baseline="850" spacing="600" horzpos="0" horzsize="4348" flags="393216"/></hp:linesegarray></hp:p></hp:subList><hp:cellAddr colAddr="0" rowAddr="13"/><hp:cellSpan colSpan="2" rowSpan="2"/><hp:cellSz width="4632" height="3652"/><hp:cellMargin left="141" right="141" top="141" bottom="141"/></hp:tc><hp:tc name="" header="0" hasMargin="0" protect="0" editable="0" dirty="0" borderFillIDRef="4"><hp:subList id="" textDirection="HORIZONTAL" lineWrap="BREAK" vertAlign="CENTER" linkListIDRef="0" linkListNextIDRef="0" textWidth="0" textHeight="0" hasTextRef="0" hasNumRef="0"><hp:p id="0" paraPrIDRef="15" styleIDRef="0" pageBreak="0" columnBreak="0" merged="0"><hp:run charPrIDRef="9"><hp:t>0235412</hp:t></hp:run><hp:linesegarray><hp:lineseg textpos="0" vertpos="0" vertsize="1000" textheight="1000" baseline="850" spacing="600" horzpos="0" horzsize="4348" flags="393216"/></hp:linesegarray></hp:p></hp:subList><hp:cellAddr colAddr="2" rowAddr="13"/><hp:cellSpan colSpan="3" rowSpan="2"/><hp:cellSz width="4632" height="3652"/><hp:cellMargin left="141" right="141" top="141" bottom="141"/></hp:tc><hp:tc name="" header="0" hasMargin="0" protect="0" editable="0" dirty="0" borderFillIDRef="4"><hp:subList id="" textDirection="HORIZONTAL" lineWrap="BREAK" vertAlign="CENTER" linkListIDRef="0" linkListNextIDRef="0" textWidth="0" textHeight="0" hasTextRef="0" hasNumRef="0"><hp:p id="0" paraPrIDRef="15" styleIDRef="0" pageBreak="0" columnBreak="0" merged="0"><hp:run charPrIDRef="9"><hp:t>2021-12-31</hp:t></hp:run><hp:linesegarray><hp:lineseg textpos="0" vertpos="0" vertsize="1000" textheight="1000" baseline="850" spacing="600" horzpos="0" horzsize="4348" flags="393216"/></hp:linesegarray></hp:p></hp:subList><hp:cellAddr colAddr="5" rowAddr="13"/><hp:cellSpan colSpan="3" rowSpan="2"/><hp:cellSz width="4632" height="3652"/><hp:cellMargin left="141" right="141" top="141" bottom="141"/></hp:tc><hp:tc name="" header="0" hasMargin="0" protect="0" editable="0" dirty="0" borderFillIDRef="4"><hp:subList id="" textDirection="HORIZONTAL" lineWrap="BREAK" vertAlign="CENTER" linkListIDRef="0" linkListNextIDRef="0" textWidth="0" textHeight="0" hasTextRef="0" hasNumRef="0"><hp:p id="0" paraPrIDRef="15" styleIDRef="0" pageBreak="0" columnBreak="0" merged="0"><hp:run charPrIDRef="9"><hp:t>의무보험과태료</hp:t></hp:run><hp:linesegarray><hp:lineseg textpos="0" vertpos="0" vertsize="1000" textheight="1000" baseline="850" spacing="600" horzpos="0" horzsize="4348" flags="393216"/></hp:linesegarray></hp:p></hp:subList><hp:cellAddr colAddr="8" rowAddr="13"/><hp:cellSpan colSpan="2" rowSpan="2"/><hp:cellSz width="4632" height="3652"/><hp:cellMargin left="141" right="141" top="141" bottom="141"/></hp:tc><hp:tc name="" header="0" hasMargin="0" protect="0" editable="0" dirty="0" borderFillIDRef="4"><hp:subList id="" textDirection="HORIZONTAL" lineWrap="BREAK" vertAlign="CENTER" linkListIDRef="0" linkListNextIDRef="0" textWidth="0" textHeight="0" hasTextRef="0" hasNumRef="0"><hp:p id="0" paraPrIDRef="15" styleIDRef="0" pageBreak="0" columnBreak="0" merged="0"><hp:run charPrIDRef="9"><hp:t>43000</hp:t></hp:run><hp:linesegarray><hp:lineseg textpos="0" vertpos="0" vertsize="1000" textheight="1000" baseline="850" spacing="600" horzpos="0" horzsize="5536" flags="393216"/></hp:linesegarray></hp:p></hp:subList><hp:cellAddr colAddr="10" rowAddr="13"/><hp:cellSpan colSpan="2" rowSpan="1"/><hp:cellSz width="5821" height="1826"/><hp:cellMargin left="141" right="141" top="141" bottom="141"/></hp:tc><hp:tc name="" header="0" hasMargin="0" protect="0" editable="0" dirty="0" borderFillIDRef="4"><hp:subList id="" textDirection="HORIZONTAL" lineWrap="BREAK" vertAlign="CENTER" linkListIDRef="0" linkListNextIDRef="0" textWidth="0" textHeight="0" hasTextRef="0" hasNumRef="0"><hp:p id="0" paraPrIDRef="15" styleIDRef="0" pageBreak="0" columnBreak="0" merged="0"><hp:run charPrIDRef="9"/><hp:linesegarray><hp:lineseg textpos="0" vertpos="0" vertsize="1000" textheight="1000" baseline="850" spacing="600" horzpos="0" horzsize="5536" flags="393216"/></hp:linesegarray></hp:p></hp:subList><hp:cellAddr colAddr="12" rowAddr="13"/><hp:cellSpan colSpan="2" rowSpan="1"/><hp:cellSz width="5821" height="1826"/><hp:cellMargin left="141" right="141" top="141" bottom="141"/></hp:tc><hp:tc name="" header="0" hasMargin="0" protect="0" editable="0" dirty="0" borderFillIDRef="4"><hp:subList id="" textDirection="HORIZONTAL" lineWrap="BREAK" vertAlign="CENTER" linkListIDRef="0" linkListNextIDRef="0" textWidth="0" textHeight="0" hasTextRef="0" hasNumRef="0"><hp:p id="0" paraPrIDRef="15" styleIDRef="0" pageBreak="0" columnBreak="0" merged="0"><hp:run charPrIDRef="9"><hp:t>100</hp:t></hp:run><hp:linesegarray><hp:lineseg textpos="0" vertpos="0" vertsize="1000" textheight="1000" baseline="850" spacing="600" horzpos="0" horzsize="5536" flags="393216"/></hp:linesegarray></hp:p></hp:subList><hp:cellAddr colAddr="14" rowAddr="13"/><hp:cellSpan colSpan="3" rowSpan="1"/><hp:cellSz width="5821" height="1826"/><hp:cellMargin left="141" right="141" top="141" bottom="141"/></hp:tc><hp:tc name="" header="0" hasMargin="0" protect="0" editable="0" dirty="0" borderFillIDRef="4"><hp:subList id="" textDirection="HORIZONTAL" lineWrap="BREAK" vertAlign="CENTER" linkListIDRef="0" linkListNextIDRef="0" textWidth="0" textHeight="0" hasTextRef="0" hasNumRef="0"><hp:p id="0" paraPrIDRef="15" styleIDRef="0" pageBreak="0" columnBreak="0" merged="0"><hp:run charPrIDRef="9"><hp:t>43100</hp:t></hp:run><hp:linesegarray><hp:lineseg textpos="0" vertpos="0" vertsize="1000" textheight="1000" baseline="850" spacing="600" horzpos="0" horzsize="5540" flags="393216"/></hp:linesegarray></hp:p></hp:subList><hp:cellAddr colAddr="17" rowAddr="13"/><hp:cellSpan colSpan="2" rowSpan="1"/><hp:cellSz width="5822" height="1826"/><hp:cellMargin left="141" right="141" top="141" bottom="141"/></hp:tc><hp:tc name="" header="0" hasMargin="0" protect="0" editable="0" dirty="0" borderFillIDRef="6"><hp:subList id="" textDirection="HORIZONTAL" lineWrap="BREAK" vertAlign="CENTER" linkListIDRef="0" linkListNextIDRef="0" textWidth="0" textHeight="0" hasTextRef="0" hasNumRef="0"><hp:p id="0" paraPrIDRef="15" styleIDRef="0" pageBreak="0" columnBreak="0" merged="0"><hp:run charPrIDRef="9"/><hp:linesegarray><hp:lineseg textpos="0" vertpos="0" vertsize="1000" textheight="1000" baseline="850" spacing="600" horzpos="0" horzsize="5652" flags="393216"/></hp:linesegarray></hp:p></hp:subList><hp:cellAddr colAddr="19" rowAddr="13"/><hp:cellSpan colSpan="2" rowSpan="2"/><hp:cellSz width="5936" height="3652"/><hp:cellMargin left="141" right="141" top="141" bottom="141"/></hp:tc></hp:tr><hp:tr><hp:tc name="" header="0" hasMargin="0" protect="0" editable="0" dirty="0" borderFillIDRef="4"><hp:subList id="" textDirection="HORIZONTAL" lineWrap="BREAK" vertAlign="CENTER" linkListIDRef="0" linkListNextIDRef="0" textWidth="0" textHeight="0" hasTextRef="0" hasNumRef="0"><hp:p id="0" paraPrIDRef="0" styleIDRef="0" pageBreak="0" columnBreak="0" merged="0"><hp:run charPrIDRef="9"/><hp:linesegarray><hp:lineseg textpos="0" vertpos="0" vertsize="1000" textheight="1000" baseline="850" spacing="600" horzpos="0" horzsize="23000" flags="393216"/></hp:linesegarray></hp:p></hp:subList><hp:cellAddr colAddr="10" rowAddr="14"/><hp:cellSpan colSpan="9" rowSpan="1"/><hp:cellSz width="23285" height="1826"/><hp:cellMargin left="141" right="141" top="141" bottom="141"/></hp:tc></hp:tr><hp:tr><hp:tc name="" header="0" hasMargin="0" protect="0" editable="0" dirty="0" borderFillIDRef="5"><hp:subList id="" textDirection="HORIZONTAL" lineWrap="BREAK" vertAlign="CENTER" linkListIDRef="0" linkListNextIDRef="0" textWidth="0" textHeight="0" hasTextRef="0" hasNumRef="0"><hp:p id="0" paraPrIDRef="15" styleIDRef="0" pageBreak="0" columnBreak="0" merged="0"><hp:run charPrIDRef="9"><hp:t>2021</hp:t></hp:run><hp:linesegarray><hp:lineseg textpos="0" vertpos="0" vertsize="1000" textheight="1000" baseline="850" spacing="600" horzpos="0" horzsize="4348" flags="393216"/></hp:linesegarray></hp:p></hp:subList><hp:cellAddr colAddr="0" rowAddr="15"/><hp:cellSpan colSpan="2" rowSpan="2"/><hp:cellSz width="4632" height="3652"/><hp:cellMargin left="141" right="141" top="141" bottom="141"/></hp:tc><hp:tc name="" header="0" hasMargin="0" protect="0" editable="0" dirty="0" borderFillIDRef="4"><hp:subList id="" textDirection="HORIZONTAL" lineWrap="BREAK" vertAlign="CENTER" linkListIDRef="0" linkListNextIDRef="0" textWidth="0" textHeight="0" hasTextRef="0" hasNumRef="0"><hp:p id="0" paraPrIDRef="15" styleIDRef="0" pageBreak="0" columnBreak="0" merged="0"><hp:run charPrIDRef="9"><hp:t>0235413</hp:t></hp:run><hp:linesegarray><hp:lineseg textpos="0" vertpos="0" vertsize="1000" textheight="1000" baseline="850" spacing="600" horzpos="0" horzsize="4348" flags="393216"/></hp:linesegarray></hp:p></hp:subList><hp:cellAddr colAddr="2" rowAddr="15"/><hp:cellSpan colSpan="3" rowSpan="2"/><hp:cellSz width="4632" height="3652"/><hp:cellMargin left="141" right="141" top="141" bottom="141"/></hp:tc><hp:tc name="" header="0" hasMargin="0" protect="0" editable="0" dirty="0" borderFillIDRef="4"><hp:subList id="" textDirection="HORIZONTAL" lineWrap="BREAK" vertAlign="CENTER" linkListIDRef="0" linkListNextIDRef="0" textWidth="0" textHeight="0" hasTextRef="0" hasNumRef="0"><hp:p id="0" paraPrIDRef="15" styleIDRef="0" pageBreak="0" columnBreak="0" merged="0"><hp:run charPrIDRef="9"><hp:t>2021-12-31</hp:t></hp:run><hp:linesegarray><hp:lineseg textpos="0" vertpos="0" vertsize="1000" textheight="1000" baseline="850" spacing="600" horzpos="0" horzsize="4348" flags="393216"/></hp:linesegarray></hp:p></hp:subList><hp:cellAddr colAddr="5" rowAddr="15"/><hp:cellSpan colSpan="3" rowSpan="2"/><hp:cellSz width="4632" height="3652"/><hp:cellMargin left="141" right="141" top="141" bottom="141"/></hp:tc><hp:tc name="" header="0" hasMargin="0" protect="0" editable="0" dirty="0" borderFillIDRef="4"><hp:subList id="" textDirection="HORIZONTAL" lineWrap="BREAK" vertAlign="CENTER" linkListIDRef="0" linkListNextIDRef="0" textWidth="0" textHeight="0" hasTextRef="0" hasNumRef="0"><hp:p id="0" paraPrIDRef="15" styleIDRef="0" pageBreak="0" columnBreak="0" merged="0"><hp:run charPrIDRef="9"><hp:t>의무보험과태료</hp:t></hp:run><hp:linesegarray><hp:lineseg textpos="0" vertpos="0" vertsize="1000" textheight="1000" baseline="850" spacing="600" horzpos="0" horzsize="4348" flags="393216"/></hp:linesegarray></hp:p></hp:subList><hp:cellAddr colAddr="8" rowAddr="15"/><hp:cellSpan colSpan="2" rowSpan="2"/><hp:cellSz width="4632" height="3652"/><hp:cellMargin left="141" right="141" top="141" bottom="141"/></hp:tc><hp:tc name="" header="0" hasMargin="0" protect="0" editable="0" dirty="0" borderFillIDRef="4"><hp:subList id="" textDirection="HORIZONTAL" lineWrap="BREAK" vertAlign="CENTER" linkListIDRef="0" linkListNextIDRef="0" textWidth="0" textHeight="0" hasTextRef="0" hasNumRef="0"><hp:p id="0" paraPrIDRef="15" styleIDRef="0" pageBreak="0" columnBreak="0" merged="0"><hp:run charPrIDRef="9"><hp:t>43000</hp:t></hp:run><hp:linesegarray><hp:lineseg textpos="0" vertpos="0" vertsize="1000" textheight="1000" baseline="850" spacing="600" horzpos="0" horzsize="5536" flags="393216"/></hp:linesegarray></hp:p></hp:subList><hp:cellAddr colAddr="10" rowAddr="15"/><hp:cellSpan colSpan="2" rowSpan="1"/><hp:cellSz width="5821" height="1826"/><hp:cellMargin left="141" right="141" top="141" bottom="141"/></hp:tc><hp:tc name="" header="0" hasMargin="0" protect="0" editable="0" dirty="0" borderFillIDRef="4"><hp:subList id="" textDirection="HORIZONTAL" lineWrap="BREAK" vertAlign="CENTER" linkListIDRef="0" linkListNextIDRef="0" textWidth="0" textHeight="0" hasTextRef="0" hasNumRef="0"><hp:p id="0" paraPrIDRef="0" styleIDRef="0" pageBreak="0" columnBreak="0" merged="0"><hp:run charPrIDRef="9"/><hp:linesegarray><hp:lineseg textpos="0" vertpos="0" vertsize="1000" textheight="1000" baseline="850" spacing="600" horzpos="0" horzsize="5536" flags="393216"/></hp:linesegarray></hp:p></hp:subList><hp:cellAddr colAddr="12" rowAddr="15"/><hp:cellSpan colSpan="2" rowSpan="1"/><hp:cellSz width="5821" height="1826"/><hp:cellMargin left="141" right="141" top="141" bottom="141"/></hp:tc><hp:tc name="" header="0" hasMargin="0" protect="0" editable="0" dirty="0" borderFillIDRef="4"><hp:subList id="" textDirection="HORIZONTAL" lineWrap="BREAK" vertAlign="CENTER" linkListIDRef="0" linkListNextIDRef="0" textWidth="0" textHeight="0" hasTextRef="0" hasNumRef="0"><hp:p id="0" paraPrIDRef="15" styleIDRef="0" pageBreak="0" columnBreak="0" merged="0"><hp:run charPrIDRef="9"><hp:t>100</hp:t></hp:run><hp:linesegarray><hp:lineseg textpos="0" vertpos="0" vertsize="1000" textheight="1000" baseline="850" spacing="600" horzpos="0" horzsize="5536" flags="393216"/></hp:linesegarray></hp:p></hp:subList><hp:cellAddr colAddr="14" rowAddr="15"/><hp:cellSpan colSpan="3" rowSpan="1"/><hp:cellSz width="5821" height="1826"/><hp:cellMargin left="141" right="141" top="141" bottom="141"/></hp:tc><hp:tc name="" header="0" hasMargin="0" protect="0" editable="0" dirty="0" borderFillIDRef="4"><hp:subList id="" textDirection="HORIZONTAL" lineWrap="BREAK" vertAlign="CENTER" linkListIDRef="0" linkListNextIDRef="0" textWidth="0" textHeight="0" hasTextRef="0" hasNumRef="0"><hp:p id="0" paraPrIDRef="15" styleIDRef="0" pageBreak="0" columnBreak="0" merged="0"><hp:run charPrIDRef="9"><hp:t>43100</hp:t></hp:run><hp:linesegarray><hp:lineseg textpos="0" vertpos="0" vertsize="1000" textheight="1000" baseline="850" spacing="600" horzpos="0" horzsize="5540" flags="393216"/></hp:linesegarray></hp:p></hp:subList><hp:cellAddr colAddr="17" rowAddr="15"/><hp:cellSpan colSpan="2" rowSpan="1"/><hp:cellSz width="5822" height="1826"/><hp:cellMargin left="141" right="141" top="141" bottom="141"/></hp:tc><hp:tc name="" header="0" hasMargin="0" protect="0" editable="0" dirty="0" borderFillIDRef="6"><hp:subList id="" textDirection="HORIZONTAL" lineWrap="BREAK" vertAlign="CENTER" linkListIDRef="0" linkListNextIDRef="0" textWidth="0" textHeight="0" hasTextRef="0" hasNumRef="0"><hp:p id="0" paraPrIDRef="15" styleIDRef="0" pageBreak="0" columnBreak="0" merged="0"><hp:run charPrIDRef="9"/><hp:linesegarray><hp:lineseg textpos="0" vertpos="0" vertsize="1000" textheight="1000" baseline="850" spacing="600" horzpos="0" horzsize="5652" flags="393216"/></hp:linesegarray></hp:p></hp:subList><hp:cellAddr colAddr="19" rowAddr="15"/><hp:cellSpan colSpan="2" rowSpan="2"/><hp:cellSz width="5936" height="3652"/><hp:cellMargin left="141" right="141" top="141" bottom="141"/></hp:tc></hp:tr><hp:tr><hp:tc name="" header="0" hasMargin="0" protect="0" editable="0" dirty="0" borderFillIDRef="4"><hp:subList id="" textDirection="HORIZONTAL" lineWrap="BREAK" vertAlign="CENTER" linkListIDRef="0" linkListNextIDRef="0" textWidth="0" textHeight="0" hasTextRef="0" hasNumRef="0"><hp:p id="0" paraPrIDRef="0" styleIDRef="0" pageBreak="0" columnBreak="0" merged="0"><hp:run charPrIDRef="9"/><hp:linesegarray><hp:lineseg textpos="0" vertpos="0" vertsize="1000" textheight="1000" baseline="850" spacing="600" horzpos="0" horzsize="23000" flags="393216"/></hp:linesegarray></hp:p></hp:subList><hp:cellAddr colAddr="10" rowAddr="16"/><hp:cellSpan colSpan="9" rowSpan="1"/><hp:cellSz width="23285" height="1826"/><hp:cellMargin left="141" right="141" top="141" bottom="141"/></hp:tc></hp:tr><hp:tr><hp:tc name="" header="0" hasMargin="0" protect="0" editable="0" dirty="0" borderFillIDRef="5"><hp:subList id="" textDirection="HORIZONTAL" lineWrap="BREAK" vertAlign="CENTER" linkListIDRef="0" linkListNextIDRef="0" textWidth="0" textHeight="0" hasTextRef="0" hasNumRef="0"><hp:p id="0" paraPrIDRef="14" styleIDRef="0" pageBreak="0" columnBreak="0" merged="0"><hp:run charPrIDRef="9"><hp:t>체납처분비</hp:t></hp:run><hp:linesegarray><hp:lineseg textpos="0" vertpos="0" vertsize="1000" textheight="1000" baseline="850" spacing="600" horzpos="0" horzsize="18244" flags="393216"/></hp:linesegarray></hp:p></hp:subList><hp:cellAddr colAddr="0" rowAddr="17"/><hp:cellSpan colSpan="10" rowSpan="1"/><hp:cellSz width="18528" height="2156"/><hp:cellMargin left="141" right="141" top="141" bottom="141"/></hp:tc><hp:tc name="" header="0" hasMargin="0" protect="0" editable="0" dirty="0" borderFillIDRef="4"><hp:subList id="" textDirection="HORIZONTAL" lineWrap="BREAK" vertAlign="CENTER" linkListIDRef="0" linkListNextIDRef="0" textWidth="0" textHeight="0" hasTextRef="0" hasNumRef="0"><hp:p id="0" paraPrIDRef="17" styleIDRef="0" pageBreak="0" columnBreak="0" merged="0"><hp:run charPrIDRef="9"/><hp:linesegarray><hp:lineseg textpos="0" vertpos="0" vertsize="1000" textheight="1000" baseline="850" spacing="600" horzpos="0" horzsize="23000" flags="393216"/></hp:linesegarray></hp:p></hp:subList><hp:cellAddr colAddr="10" rowAddr="17"/><hp:cellSpan colSpan="9" rowSpan="1"/><hp:cellSz width="23285" height="2156"/><hp:cellMargin left="141" right="141" top="141" bottom="141"/></hp:tc><hp:tc name="" header="0" hasMargin="0" protect="0" editable="0" dirty="0" borderFillIDRef="6"><hp:subList id="" textDirection="HORIZONTAL" lineWrap="BREAK" vertAlign="CENTER" linkListIDRef="0" linkListNextIDRef="0" textWidth="0" textHeight="0" hasTextRef="0" hasNumRef="0"><hp:p id="0" paraPrIDRef="14" styleIDRef="0" pageBreak="0" columnBreak="0" merged="0"><hp:run charPrIDRef="9"/><hp:linesegarray><hp:lineseg textpos="0" vertpos="0" vertsize="1000" textheight="1000" baseline="850" spacing="600" horzpos="0" horzsize="5652" flags="393216"/></hp:linesegarray></hp:p></hp:subList><hp:cellAddr colAddr="19" rowAddr="17"/><hp:cellSpan colSpan="2" rowSpan="1"/><hp:cellSz width="5936" height="2156"/><hp:cellMargin left="141" right="141" top="141" bottom="141"/></hp:tc></hp:tr><hp:tr><hp:tc name="" header="0" hasMargin="0" protect="0" editable="0" dirty="0" borderFillIDRef="5"><hp:subList id="" textDirection="HORIZONTAL" lineWrap="BREAK" vertAlign="CENTER" linkListIDRef="0" linkListNextIDRef="0" textWidth="0" textHeight="0" hasTextRef="0" hasNumRef="0"><hp:p id="0" paraPrIDRef="14" styleIDRef="0" pageBreak="0" columnBreak="0" merged="0"><hp:run charPrIDRef="9"><hp:t>합계</hp:t></hp:run><hp:linesegarray><hp:lineseg textpos="0" vertpos="0" vertsize="1000" textheight="1000" baseline="850" spacing="600" horzpos="0" horzsize="18244" flags="393216"/></hp:linesegarray></hp:p></hp:subList><hp:cellAddr colAddr="0" rowAddr="18"/><hp:cellSpan colSpan="10" rowSpan="1"/><hp:cellSz width="18528" height="2156"/><hp:cellMargin left="141" right="141" top="141" bottom="141"/></hp:tc><hp:tc name="" header="0" hasMargin="0" protect="0" editable="0" dirty="0" borderFillIDRef="4"><hp:subList id="" textDirection="HORIZONTAL" lineWrap="BREAK" vertAlign="CENTER" linkListIDRef="0" linkListNextIDRef="0" textWidth="0" textHeight="0" hasTextRef="0" hasNumRef="0"><hp:p id="0" paraPrIDRef="14" styleIDRef="0" pageBreak="0" columnBreak="0" merged="0"><hp:run charPrIDRef="9"><hp:t>128,600</hp:t></hp:run><hp:linesegarray><hp:lineseg textpos="0" vertpos="0" vertsize="1000" textheight="1000" baseline="850" spacing="600" horzpos="0" horzsize="23000" flags="393216"/></hp:linesegarray></hp:p></hp:subList><hp:cellAddr colAddr="10" rowAddr="18"/><hp:cellSpan colSpan="9" rowSpan="1"/><hp:cellSz width="23285" height="2156"/><hp:cellMargin left="141" right="141" top="141" bottom="141"/></hp:tc><hp:tc name="" header="0" hasMargin="0" protect="0" editable="0" dirty="0" borderFillIDRef="6"><hp:subList id="" textDirection="HORIZONTAL" lineWrap="BREAK" vertAlign="CENTER" linkListIDRef="0" linkListNextIDRef="0" textWidth="0" textHeight="0" hasTextRef="0" hasNumRef="0"><hp:p id="0" paraPrIDRef="14" styleIDRef="0" pageBreak="0" columnBreak="0" merged="0"><hp:run charPrIDRef="9"/><hp:linesegarray><hp:lineseg textpos="0" vertpos="0" vertsize="1000" textheight="1000" baseline="850" spacing="600" horzpos="0" horzsize="5652" flags="393216"/></hp:linesegarray></hp:p></hp:subList><hp:cellAddr colAddr="19" rowAddr="18"/><hp:cellSpan colSpan="2" rowSpan="1"/><hp:cellSz width="5936" height="2156"/><hp:cellMargin left="141" right="141" top="141" bottom="141"/></hp:tc></hp:tr><hp:tr><hp:tc name="" header="0" hasMargin="0" protect="0" editable="0" dirty="0" borderFillIDRef="5"><hp:subList id="" textDirection="HORIZONTAL" lineWrap="BREAK" vertAlign="CENTER" linkListIDRef="0" linkListNextIDRef="0" textWidth="0" textHeight="0" hasTextRef="0" hasNumRef="0"><hp:p id="0" paraPrIDRef="14" styleIDRef="0" pageBreak="0" columnBreak="0" merged="0"><hp:run charPrIDRef="9"><hp:t>배당액입금</hp:t></hp:run><hp:linesegarray><hp:lineseg textpos="0" vertpos="0" vertsize="1000" textheight="1000" baseline="850" spacing="600" horzpos="0" horzsize="5892" flags="393216"/></hp:linesegarray></hp:p><hp:p id="0" paraPrIDRef="14" styleIDRef="0" pageBreak="0" columnBreak="0" merged="0"><hp:run charPrIDRef="9"><hp:t>의뢰계좌</hp:t></hp:run><hp:linesegarray><hp:lineseg textpos="0" vertpos="1600" vertsize="1000" textheight="1000" baseline="850" spacing="600" horzpos="0" horzsize="5892" flags="393216"/></hp:linesegarray></hp:p></hp:subList><hp:cellAddr colAddr="0" rowAddr="19"/><hp:cellSpan colSpan="3" rowSpan="2"/><hp:cellSz width="6176" height="7844"/><hp:cellMargin left="141" right="141" top="141" bottom="141"/></hp:tc><hp:tc name="" header="0" hasMargin="0" protect="0" editable="0" dirty="0" borderFillIDRef="4"><hp:subList id="" textDirection="HORIZONTAL" lineWrap="BREAK" vertAlign="CENTER" linkListIDRef="0" linkListNextIDRef="0" textWidth="0" textHeight="0" hasTextRef="0" hasNumRef="0"><hp:p id="0" paraPrIDRef="15" styleIDRef="0" pageBreak="0" columnBreak="0" merged="0"><hp:run charPrIDRef="9"><hp:t>개설은행</hp:t></hp:run><hp:linesegarray><hp:lineseg textpos="0" vertpos="0" vertsize="1000" textheight="1000" baseline="850" spacing="600" horzpos="0" horzsize="5892" flags="393216"/></hp:linesegarray></hp:p></hp:subList><hp:cellAddr colAddr="3" rowAddr="19"/><hp:cellSpan colSpan="3" rowSpan="1"/><hp:cellSz width="6176" height="3922"/><hp:cellMargin left="141" right="141" top="141" bottom="141"/></hp:tc><hp:tc name="" header="0" hasMargin="0" protect="0" editable="0" dirty="0" borderFillIDRef="4"><hp:subList id="" textDirection="HORIZONTAL" lineWrap="BREAK" vertAlign="CENTER" linkListIDRef="0" linkListNextIDRef="0" textWidth="0" textHeight="0" hasTextRef="0" hasNumRef="0"><hp:p id="0" paraPrIDRef="15" styleIDRef="0" pageBreak="0" columnBreak="0" merged="0"><hp:run charPrIDRef="9"/><hp:linesegarray><hp:lineseg textpos="0" vertpos="0" vertsize="1000" textheight="1000" baseline="850" spacing="600" horzpos="0" horzsize="11712" flags="393216"/></hp:linesegarray></hp:p></hp:subList><hp:cellAddr colAddr="6" rowAddr="19"/><hp:cellSpan colSpan="6" rowSpan="1"/><hp:cellSz width="11997" height="3922"/><hp:cellMargin left="141" right="141" top="141" bottom="141"/></hp:tc><hp:tc name="" header="0" hasMargin="0" protect="0" editable="0" dirty="0" borderFillIDRef="4"><hp:subList id="" textDirection="HORIZONTAL" lineWrap="BREAK" vertAlign="CENTER" linkListIDRef="0" linkListNextIDRef="0" textWidth="0" textHeight="0" hasTextRef="0" hasNumRef="0"><hp:p id="0" paraPrIDRef="15" styleIDRef="0" pageBreak="0" columnBreak="0" merged="0"><hp:run charPrIDRef="9"><hp:t>예금주</hp:t></hp:run><hp:linesegarray><hp:lineseg textpos="0" vertpos="0" vertsize="1000" textheight="1000" baseline="850" spacing="600" horzpos="0" horzsize="5536" flags="393216"/></hp:linesegarray></hp:p></hp:subList><hp:cellAddr colAddr="12" rowAddr="19"/><hp:cellSpan colSpan="2" rowSpan="1"/><hp:cellSz width="5821" height="3922"/><hp:cellMargin left="141" right="141" top="141" bottom="141"/></hp:tc><hp:tc name="" header="0" hasMargin="0" protect="0" editable="0" dirty="0" borderFillIDRef="6"><hp:subList id="" textDirection="HORIZONTAL" lineWrap="BREAK" vertAlign="CENTER" linkListIDRef="0" linkListNextIDRef="0" textWidth="0" textHeight="0" hasTextRef="0" hasNumRef="0"><hp:p id="0" paraPrIDRef="15" styleIDRef="0" pageBreak="0" columnBreak="0" merged="0"><hp:run charPrIDRef="9"/><hp:linesegarray><hp:lineseg textpos="0" vertpos="0" vertsize="1000" textheight="1000" baseline="850" spacing="600" horzpos="0" horzsize="17296" flags="393216"/></hp:linesegarray></hp:p></hp:subList><hp:cellAddr colAddr="14" rowAddr="19"/><hp:cellSpan colSpan="7" rowSpan="1"/><hp:cellSz width="17579" height="3922"/><hp:cellMargin left="141" right="141" top="141" bottom="141"/></hp:tc></hp:tr><hp:tr><hp:tc name="" header="0" hasMargin="0" protect="0" editable="0" dirty="0" borderFillIDRef="4"><hp:subList id="" textDirection="HORIZONTAL" lineWrap="BREAK" vertAlign="CENTER" linkListIDRef="0" linkListNextIDRef="0" textWidth="0" textHeight="0" hasTextRef="0" hasNumRef="0"><hp:p id="0" paraPrIDRef="15" styleIDRef="0" pageBreak="0" columnBreak="0" merged="0"><hp:run charPrIDRef="9"><hp:t>계좌번호</hp:t></hp:run><hp:linesegarray><hp:lineseg textpos="0" vertpos="0" vertsize="1000" textheight="1000" baseline="850" spacing="600" horzpos="0" horzsize="5892" flags="393216"/></hp:linesegarray></hp:p></hp:subList><hp:cellAddr colAddr="3" rowAddr="20"/><hp:cellSpan colSpan="3" rowSpan="1"/><hp:cellSz width="6176" height="3922"/><hp:cellMargin left="141" right="141" top="141" bottom="141"/></hp:tc><hp:tc name="" header="0" hasMargin="0" protect="0" editable="0" dirty="0" borderFillIDRef="6"><hp:subList id="" textDirection="HORIZONTAL" lineWrap="BREAK" vertAlign="CENTER" linkListIDRef="0" linkListNextIDRef="0" textWidth="0" textHeight="0" hasTextRef="0" hasNumRef="0"><hp:p id="0" paraPrIDRef="15" styleIDRef="0" pageBreak="0" columnBreak="0" merged="0"><hp:run charPrIDRef="9"/><hp:linesegarray><hp:lineseg textpos="0" vertpos="0" vertsize="1000" textheight="1000" baseline="850" spacing="600" horzpos="0" horzsize="35112" flags="393216"/></hp:linesegarray></hp:p></hp:subList><hp:cellAddr colAddr="6" rowAddr="20"/><hp:cellSpan colSpan="15" rowSpan="1"/><hp:cellSz width="35397" height="3922"/><hp:cellMargin left="141" right="141" top="141" bottom="141"/></hp:tc></hp:tr><hp:tr><hp:tc name="" header="0" hasMargin="0" protect="0" editable="0" dirty="0" borderFillIDRef="15"><hp:subList id="" textDirection="HORIZONTAL" lineWrap="BREAK" vertAlign="CENTER" linkListIDRef="0" linkListNextIDRef="0" textWidth="0" textHeight="0" hasTextRef="0" hasNumRef="0"><hp:p id="0" paraPrIDRef="28" styleIDRef="0" pageBreak="0" columnBreak="0" merged="0"><hp:run charPrIDRef="9"><hp:t>  1.「지방세징수법」 제66조에 따라 위 금액의 교부를 청구합니다.</hp:t></hp:run><hp:linesegarray><hp:lineseg textpos="0" vertpos="0" vertsize="1000" textheight="1000" baseline="850" spacing="700" horzpos="0" horzsize="46041" flags="393216"/></hp:linesegarray></hp:p><hp:p id="0" paraPrIDRef="29" styleIDRef="0" pageBreak="0" columnBreak="0" merged="0"><hp:run charPrIDRef="9"><hp:t>  2.「민사집행규칙」 제82조제2항에 따라 배당액을 입금할 예금계좌를 신고하오니 배당액이 발생하면 위의 계좌로 송금하여 주시기 바랍니다.</hp:t></hp:run><hp:linesegarray><hp:lineseg textpos="0" vertpos="1700" vertsize="1000" textheight="1000" baseline="850" spacing="600" horzpos="0" horzsize="46041" flags="393216"/><hp:lineseg textpos="53" vertpos="3300" vertsize="1000" textheight="1000" baseline="850" spacing="600" horzpos="0" horzsize="46041" flags="1441792"/></hp:linesegarray></hp:p></hp:subList><hp:cellAddr colAddr="0" rowAddr="21"/><hp:cellSpan colSpan="21" rowSpan="1"/><hp:cellSz width="47749" height="8691"/><hp:cellMargin left="141" right="141" top="141" bottom="141"/></hp:tc></hp:tr><hp:tr><hp:tc name="" header="0" hasMargin="0" protect="0" editable="0" dirty="0" borderFillIDRef="16"><hp:subList id="" textDirection="HORIZONTAL" lineWrap="BREAK" vertAlign="CENTER" linkListIDRef="0" linkListNextIDRef="0" textWidth="0" textHeight="0" hasTextRef="0" hasNumRef="0"><hp:p id="0" paraPrIDRef="15" styleIDRef="0" pageBreak="0" columnBreak="0" merged="0"><hp:run charPrIDRef="9"/><hp:linesegarray><hp:lineseg textpos="0" vertpos="0" vertsize="1000" textheight="1000" baseline="850" spacing="600" horzpos="0" horzsize="6116" flags="393216"/></hp:linesegarray></hp:p></hp:subList><hp:cellAddr colAddr="0" rowAddr="22"/><hp:cellSpan colSpan="4" rowSpan="1"/><hp:cellSz width="6398" height="2614"/><hp:cellMargin left="141" right="141" top="141" bottom="141"/></hp:tc><hp:tc name="" header="0" hasMargin="0" protect="0" editable="0" dirty="0" borderFillIDRef="17"><hp:subList id="" textDirection="HORIZONTAL" lineWrap="BREAK" vertAlign="CENTER" linkListIDRef="0" linkListNextIDRef="0" textWidth="0" textHeight="0" hasTextRef="0" hasNumRef="0"><hp:p id="0" paraPrIDRef="15" styleIDRef="0" pageBreak="0" columnBreak="0" merged="0"><hp:run charPrIDRef="9"/><hp:linesegarray><hp:lineseg textpos="0" vertpos="0" vertsize="1000" textheight="1000" baseline="850" spacing="600" horzpos="0" horzsize="7812" flags="393216"/></hp:linesegarray></hp:p></hp:subList><hp:cellAddr colAddr="4" rowAddr="22"/><hp:cellSpan colSpan="5" rowSpan="1"/><hp:cellSz width="8096" height="2614"/><hp:cellMargin left="141" right="141" top="141" bottom="141"/></hp:tc><hp:tc name="" header="0" hasMargin="0" protect="0" editable="0" dirty="0" borderFillIDRef="17"><hp:subList id="" textDirection="HORIZONTAL" lineWrap="BREAK" vertAlign="CENTER" linkListIDRef="0" linkListNextIDRef="0" textWidth="0" textHeight="0" hasTextRef="0" hasNumRef="0"><hp:p id="0" paraPrIDRef="15" styleIDRef="0" pageBreak="0" columnBreak="0" merged="0"><hp:run charPrIDRef="9"><hp:t>년</hp:t></hp:run><hp:linesegarray><hp:lineseg textpos="0" vertpos="0" vertsize="1000" textheight="1000" baseline="850" spacing="600" horzpos="0" horzsize="4700" flags="393216"/></hp:linesegarray></hp:p></hp:subList><hp:cellAddr colAddr="9" rowAddr="22"/><hp:cellSpan colSpan="2" rowSpan="1"/><hp:cellSz width="4984" height="2614"/><hp:cellMargin left="141" right="141" top="141" bottom="141"/></hp:tc><hp:tc name="" header="0" hasMargin="0" protect="0" editable="0" dirty="0" borderFillIDRef="17"><hp:subList id="" textDirection="HORIZONTAL" lineWrap="BREAK" vertAlign="CENTER" linkListIDRef="0" linkListNextIDRef="0" textWidth="0" textHeight="0" hasTextRef="0" hasNumRef="0"><hp:p id="0" paraPrIDRef="14" styleIDRef="0" pageBreak="0" columnBreak="0" merged="0"><hp:run charPrIDRef="9"><hp:t>월</hp:t></hp:run><hp:linesegarray><hp:lineseg textpos="0" vertpos="0" vertsize="1000" textheight="1000" baseline="850" spacing="600" horzpos="0" horzsize="6156" flags="393216"/></hp:linesegarray></hp:p></hp:subList><hp:cellAddr colAddr="11" rowAddr="22"/><hp:cellSpan colSpan="2" rowSpan="1"/><hp:cellSz width="6438" height="2614"/><hp:cellMargin left="141" right="141" top="141" bottom="141"/></hp:tc><hp:tc name="" header="0" hasMargin="0" protect="0" editable="0" dirty="0" borderFillIDRef="17"><hp:subList id="" textDirection="HORIZONTAL" lineWrap="BREAK" vertAlign="CENTER" linkListIDRef="0" linkListNextIDRef="0" textWidth="0" textHeight="0" hasTextRef="0" hasNumRef="0"><hp:p id="0" paraPrIDRef="14" styleIDRef="0" pageBreak="0" columnBreak="0" merged="0"><hp:run charPrIDRef="9"><hp:t>일</hp:t></hp:run><hp:linesegarray><hp:lineseg textpos="0" vertpos="0" vertsize="1000" textheight="1000" baseline="850" spacing="600" horzpos="0" horzsize="6156" flags="393216"/></hp:linesegarray></hp:p></hp:subList><hp:cellAddr colAddr="13" rowAddr="22"/><hp:cellSpan colSpan="2" rowSpan="1"/><hp:cellSz width="6439" height="2614"/><hp:cellMargin left="141" right="141" top="141" bottom="141"/></hp:tc><hp:tc name="" header="0" hasMargin="0" protect="0" editable="0" dirty="0" borderFillIDRef="17"><hp:subList id="" textDirection="HORIZONTAL" lineWrap="BREAK" vertAlign="CENTER" linkListIDRef="0" linkListNextIDRef="0" textWidth="0" textHeight="0" hasTextRef="0" hasNumRef="0"><hp:p id="0" paraPrIDRef="15" styleIDRef="0" pageBreak="0" columnBreak="0" merged="0"><hp:run charPrIDRef="9"/><hp:linesegarray><hp:lineseg textpos="0" vertpos="0" vertsize="1000" textheight="1000" baseline="850" spacing="600" horzpos="0" horzsize="7008" flags="393216"/></hp:linesegarray></hp:p></hp:subList><hp:cellAddr colAddr="15" rowAddr="22"/><hp:cellSpan colSpan="3" rowSpan="1"/><hp:cellSz width="7293" height="2614"/><hp:cellMargin left="141" right="141" top="141" bottom="141"/></hp:tc><hp:tc name="" header="0" hasMargin="0" protect="0" editable="0" dirty="0" borderFillIDRef="18"><hp:subList id="" textDirection="HORIZONTAL" lineWrap="BREAK" vertAlign="CENTER" linkListIDRef="0" linkListNextIDRef="0" textWidth="0" textHeight="0" hasTextRef="0" hasNumRef="0"><hp:p id="0" paraPrIDRef="15" styleIDRef="0" pageBreak="0" columnBreak="0" merged="0"><hp:run charPrIDRef="9"/><hp:linesegarray><hp:lineseg textpos="0" vertpos="0" vertsize="1000" textheight="1000" baseline="850" spacing="600" horzpos="0" horzsize="7816" flags="393216"/></hp:linesegarray></hp:p></hp:subList><hp:cellAddr colAddr="18" rowAddr="22"/><hp:cellSpan colSpan="3" rowSpan="1"/><hp:cellSz width="8101" height="2614"/><hp:cellMargin left="141" right="141" top="141" bottom="141"/></hp:tc></hp:tr><hp:tr><hp:tc name="" header="0" hasMargin="0" protect="0" editable="0" dirty="0" borderFillIDRef="16"><hp:subList id="" textDirection="HORIZONTAL" lineWrap="BREAK" vertAlign="CENTER" linkListIDRef="0" linkListNextIDRef="0" textWidth="0" textHeight="0" hasTextRef="0" hasNumRef="0"><hp:p id="0" paraPrIDRef="15" styleIDRef="0" pageBreak="0" columnBreak="0" merged="0"><hp:run charPrIDRef="9"/><hp:linesegarray><hp:lineseg textpos="0" vertpos="0" vertsize="1000" textheight="1000" baseline="850" spacing="600" horzpos="0" horzsize="6116" flags="393216"/></hp:linesegarray></hp:p></hp:subList><hp:cellAddr colAddr="0" rowAddr="23"/><hp:cellSpan colSpan="4" rowSpan="1"/><hp:cellSz width="6398" height="2614"/><hp:cellMargin left="141" right="141" top="141" bottom="141"/></hp:tc><hp:tc name="" header="0" hasMargin="0" protect="0" editable="0" dirty="0" borderFillIDRef="17"><hp:subList id="" textDirection="HORIZONTAL" lineWrap="BREAK" vertAlign="CENTER" linkListIDRef="0" linkListNextIDRef="0" textWidth="0" textHeight="0" hasTextRef="0" hasNumRef="0"><hp:p id="0" paraPrIDRef="15" styleIDRef="0" pageBreak="0" columnBreak="0" merged="0"><hp:run charPrIDRef="9"/><hp:linesegarray><hp:lineseg textpos="0" vertpos="0" vertsize="1000" textheight="1000" baseline="850" spacing="600" horzpos="0" horzsize="6396" flags="393216"/></hp:linesegarray></hp:p></hp:subList><hp:cellAddr colAddr="4" rowAddr="23"/><hp:cellSpan colSpan="3" rowSpan="1"/><hp:cellSz width="6681" height="2614"/><hp:cellMargin left="141" right="141" top="141" bottom="141"/></hp:tc><hp:tc name="" header="0" hasMargin="0" protect="0" editable="0" dirty="0" borderFillIDRef="17"><hp:subList id="" textDirection="HORIZONTAL" lineWrap="BREAK" vertAlign="CENTER" linkListIDRef="0" linkListNextIDRef="0" textWidth="0" textHeight="0" hasTextRef="0" hasNumRef="0"><hp:p id="0" paraPrIDRef="15" styleIDRef="0" pageBreak="0" columnBreak="0" merged="0"><hp:run charPrIDRef="9"/><hp:linesegarray><hp:lineseg textpos="0" vertpos="0" vertsize="1000" textheight="1000" baseline="850" spacing="600" horzpos="0" horzsize="6116" flags="393216"/></hp:linesegarray></hp:p></hp:subList><hp:cellAddr colAddr="7" rowAddr="23"/><hp:cellSpan colSpan="4" rowSpan="1"/><hp:cellSz width="6399" height="2614"/><hp:cellMargin left="141" right="141" top="141" bottom="141"/></hp:tc><hp:tc name="" header="0" hasMargin="0" protect="0" editable="0" dirty="0" borderFillIDRef="17"><hp:subList id="" textDirection="HORIZONTAL" lineWrap="BREAK" vertAlign="CENTER" linkListIDRef="0" linkListNextIDRef="0" textWidth="0" textHeight="0" hasTextRef="0" hasNumRef="0"><hp:p id="0" paraPrIDRef="15" styleIDRef="0" pageBreak="0" columnBreak="0" merged="0"><hp:run charPrIDRef="9"/><hp:linesegarray><hp:lineseg textpos="0" vertpos="0" vertsize="1000" textheight="1000" baseline="850" spacing="600" horzpos="0" horzsize="6156" flags="393216"/></hp:linesegarray></hp:p></hp:subList><hp:cellAddr colAddr="11" rowAddr="23"/><hp:cellSpan colSpan="2" rowSpan="1"/><hp:cellSz width="6438" height="2614"/><hp:cellMargin left="141" right="141" top="141" bottom="141"/></hp:tc><hp:tc name="" header="0" hasMargin="0" protect="0" editable="0" dirty="0" borderFillIDRef="17"><hp:subList id="" textDirection="HORIZONTAL" lineWrap="BREAK" vertAlign="CENTER" linkListIDRef="0" linkListNextIDRef="0" textWidth="0" textHeight="0" hasTextRef="0" hasNumRef="0"><hp:p id="0" paraPrIDRef="17" styleIDRef="0" pageBreak="0" columnBreak="0" merged="0"><hp:run charPrIDRef="9"><hp:t>지방자치단체의 장</hp:t></hp:run><hp:linesegarray><hp:lineseg textpos="0" vertpos="0" vertsize="1000" textheight="1000" baseline="850" spacing="600" horzpos="0" horzsize="16240" flags="393216"/></hp:linesegarray></hp:p></hp:subList><hp:cellAddr colAddr="13" rowAddr="23"/><hp:cellSpan colSpan="7" rowSpan="1"/><hp:cellSz width="16522" height="2614"/><hp:cellMargin left="141" right="141" top="141" bottom="141"/></hp:tc><hp:tc name="" header="0" hasMargin="0" protect="0" editable="0" dirty="0" borderFillIDRef="18"><hp:subList id="" textDirection="HORIZONTAL" lineWrap="BREAK" vertAlign="CENTER" linkListIDRef="0" linkListNextIDRef="0" textWidth="0" textHeight="0" hasTextRef="0" hasNumRef="0"><hp:p id="0" paraPrIDRef="23" styleIDRef="0" pageBreak="0" columnBreak="0" merged="0"><hp:run charPrIDRef="9"><hp:t>󰃡</hp:t></hp:run><hp:linesegarray><hp:lineseg textpos="0" vertpos="0" vertsize="1000" textheight="1000" baseline="850" spacing="1000" horzpos="0" horzsize="5028" flags="393216"/></hp:linesegarray></hp:p></hp:subList><hp:cellAddr colAddr="20" rowAddr="23"/><hp:cellSpan colSpan="1" rowSpan="1"/><hp:cellSz width="5311" height="2614"/><hp:cellMargin left="141" right="141" top="141" bottom="141"/></hp:tc></hp:tr><hp:tr><hp:tc name="" header="0" hasMargin="0" protect="0" editable="0" dirty="0" borderFillIDRef="9"><hp:subList id="" textDirection="HORIZONTAL" lineWrap="BREAK" vertAlign="CENTER" linkListIDRef="0" linkListNextIDRef="0" textWidth="0" textHeight="0" hasTextRef="0" hasNumRef="0"><hp:p id="0" paraPrIDRef="15" styleIDRef="0" pageBreak="0" columnBreak="0" merged="0"><hp:run charPrIDRef="9"/><hp:linesegarray><hp:lineseg textpos="0" vertpos="0" vertsize="1000" textheight="1000" baseline="850" spacing="600" horzpos="0" horzsize="6116" flags="393216"/></hp:linesegarray></hp:p></hp:subList><hp:cellAddr colAddr="0" rowAddr="24"/><hp:cellSpan colSpan="4" rowSpan="1"/><hp:cellSz width="6398" height="2614"/><hp:cellMargin left="141" right="141" top="141" bottom="141"/></hp:tc><hp:tc name="" header="0" hasMargin="0" protect="0" editable="0" dirty="0" borderFillIDRef="10"><hp:subList id="" textDirection="HORIZONTAL" lineWrap="BREAK" vertAlign="CENTER" linkListIDRef="0" linkListNextIDRef="0" textWidth="0" textHeight="0" hasTextRef="0" hasNumRef="0"><hp:p id="0" paraPrIDRef="14" styleIDRef="0" pageBreak="0" columnBreak="0" merged="0"><hp:run charPrIDRef="17"/><hp:linesegarray><hp:lineseg textpos="0" vertpos="0" vertsize="1000" textheight="1000" baseline="850" spacing="600" horzpos="0" horzsize="6396" flags="393216"/></hp:linesegarray></hp:p></hp:subList><hp:cellAddr colAddr="4" rowAddr="24"/><hp:cellSpan colSpan="3" rowSpan="1"/><hp:cellSz width="6681" height="2614"/><hp:cellMargin left="141" right="141" top="141" bottom="141"/></hp:tc><hp:tc name="" header="0" hasMargin="0" protect="0" editable="0" dirty="0" borderFillIDRef="10"><hp:subList id="" textDirection="HORIZONTAL" lineWrap="BREAK" vertAlign="CENTER" linkListIDRef="0" linkListNextIDRef="0" textWidth="0" textHeight="0" hasTextRef="0" hasNumRef="0"><hp:p id="0" paraPrIDRef="15" styleIDRef="0" pageBreak="0" columnBreak="0" merged="0"><hp:run charPrIDRef="9"/><hp:linesegarray><hp:lineseg textpos="0" vertpos="0" vertsize="1000" textheight="1000" baseline="850" spacing="600" horzpos="0" horzsize="6116" flags="393216"/></hp:linesegarray></hp:p></hp:subList><hp:cellAddr colAddr="7" rowAddr="24"/><hp:cellSpan colSpan="4" rowSpan="1"/><hp:cellSz width="6399" height="2614"/><hp:cellMargin left="141" right="141" top="141" bottom="141"/></hp:tc><hp:tc name="" header="0" hasMargin="0" protect="0" editable="0" dirty="0" borderFillIDRef="10"><hp:subList id="" textDirection="HORIZONTAL" lineWrap="BREAK" vertAlign="CENTER" linkListIDRef="0" linkListNextIDRef="0" textWidth="0" textHeight="0" hasTextRef="0" hasNumRef="0"><hp:p id="0" paraPrIDRef="14" styleIDRef="0" pageBreak="0" columnBreak="0" merged="0"><hp:run charPrIDRef="9"><hp:t>귀하</hp:t></hp:run><hp:linesegarray><hp:lineseg textpos="0" vertpos="0" vertsize="1000" textheight="1000" baseline="850" spacing="600" horzpos="0" horzsize="6156" flags="393216"/></hp:linesegarray></hp:p></hp:subList><hp:cellAddr colAddr="11" rowAddr="24"/><hp:cellSpan colSpan="2" rowSpan="1"/><hp:cellSz width="6438" height="2614"/><hp:cellMargin left="141" right="141" top="141" bottom="141"/></hp:tc><hp:tc name="" header="0" hasMargin="0" protect="0" editable="0" dirty="0" borderFillIDRef="10"><hp:subList id="" textDirection="HORIZONTAL" lineWrap="BREAK" vertAlign="CENTER" linkListIDRef="0" linkListNextIDRef="0" textWidth="0" textHeight="0" hasTextRef="0" hasNumRef="0"><hp:p id="0" paraPrIDRef="15" styleIDRef="0" pageBreak="0" columnBreak="0" merged="0"><hp:run charPrIDRef="9"/><hp:linesegarray><hp:lineseg textpos="0" vertpos="0" vertsize="1000" textheight="1000" baseline="850" spacing="600" horzpos="0" horzsize="6156" flags="393216"/></hp:linesegarray></hp:p></hp:subList><hp:cellAddr colAddr="13" rowAddr="24"/><hp:cellSpan colSpan="2" rowSpan="1"/><hp:cellSz width="6439" height="2614"/><hp:cellMargin left="141" right="141" top="141" bottom="141"/></hp:tc><hp:tc name="" header="0" hasMargin="0" protect="0" editable="0" dirty="0" borderFillIDRef="10"><hp:subList id="" textDirection="HORIZONTAL" lineWrap="BREAK" vertAlign="CENTER" linkListIDRef="0" linkListNextIDRef="0" textWidth="0" textHeight="0" hasTextRef="0" hasNumRef="0"><hp:p id="0" paraPrIDRef="15" styleIDRef="0" pageBreak="0" columnBreak="0" merged="0"><hp:run charPrIDRef="9"/><hp:linesegarray><hp:lineseg textpos="0" vertpos="0" vertsize="1000" textheight="1000" baseline="850" spacing="600" horzpos="0" horzsize="7008" flags="393216"/></hp:linesegarray></hp:p></hp:subList><hp:cellAddr colAddr="15" rowAddr="24"/><hp:cellSpan colSpan="3" rowSpan="1"/><hp:cellSz width="7293" height="2614"/><hp:cellMargin left="141" right="141" top="141" bottom="141"/></hp:tc><hp:tc name="" header="0" hasMargin="0" protect="0" editable="0" dirty="0" borderFillIDRef="11"><hp:subList id="" textDirection="HORIZONTAL" lineWrap="BREAK" vertAlign="CENTER" linkListIDRef="0" linkListNextIDRef="0" textWidth="0" textHeight="0" hasTextRef="0" hasNumRef="0"><hp:p id="0" paraPrIDRef="15" styleIDRef="0" pageBreak="0" columnBreak="0" merged="0"><hp:run charPrIDRef="9"/><hp:linesegarray><hp:lineseg textpos="0" vertpos="0" vertsize="1000" textheight="1000" baseline="850" spacing="600" horzpos="0" horzsize="7816" flags="393216"/></hp:linesegarray></hp:p></hp:subList><hp:cellAddr colAddr="18" rowAddr="24"/><hp:cellSpan colSpan="3" rowSpan="1"/><hp:cellSz width="8101" height="2614"/><hp:cellMargin left="141" right="141" top="141" bottom="141"/></hp:tc></hp:tr><hp:tr><hp:tc name="" header="0" hasMargin="0" protect="0" editable="0" dirty="0" borderFillIDRef="12"><hp:subList id="" textDirection="HORIZONTAL" lineWrap="BREAK" vertAlign="CENTER" linkListIDRef="0" linkListNextIDRef="0" textWidth="0" textHeight="0" hasTextRef="0" hasNumRef="0"><hp:p id="0" paraPrIDRef="21" styleIDRef="0" pageBreak="0" columnBreak="0" merged="0"><hp:run charPrIDRef="11"><hp:t>※ 「지방세기본법」 제71조제1항제3호 각 목 외의 부분 괄호의 "그 재산에 대하여 부과된 지방세와 가산금"인 경우에는 비고란에 "해당 세금"이라고 기재합니다.</hp:t></hp:run><hp:linesegarray><hp:lineseg textpos="0" vertpos="0" vertsize="900" textheight="900" baseline="765" spacing="540" horzpos="0" horzsize="47464" flags="393216"/><hp:lineseg textpos="62" vertpos="1440" vertsize="900" textheight="900" baseline="765" spacing="540" horzpos="0" horzsize="47464" flags="1441792"/></hp:linesegarray></hp:p></hp:subList><hp:cellAddr colAddr="0" rowAddr="25"/><hp:cellSpan colSpan="21" rowSpan="1"/><hp:cellSz width="47749" height="4379"/><hp:cellMargin left="141" right="141" top="141" bottom="141"/></hp:tc></hp:tr><hp:tr><hp:tc name="" header="0" hasMargin="0" protect="0" editable="0" dirty="0" borderFillIDRef="8"><hp:subList id="" textDirection="HORIZONTAL" lineWrap="BREAK" vertAlign="BOTTOM" linkListIDRef="0" linkListNextIDRef="0" textWidth="0" textHeight="0" hasTextRef="0" hasNumRef="0"><hp:p id="0" paraPrIDRef="27" styleIDRef="10" pageBreak="0" columnBreak="0" merged="0"><hp:run charPrIDRef="12"><hp:t>210㎜×297㎜[백상지 (80g/㎡) 또는 중질지 (80g/㎡)]</hp:t></hp:run><hp:linesegarray><hp:lineseg textpos="0" vertpos="0" vertsize="800" textheight="800" baseline="680" spacing="400" horzpos="0" horzsize="47464" flags="393216"/></hp:linesegarray></hp:p></hp:subList><hp:cellAddr colAddr="0" rowAddr="26"/><hp:cellSpan colSpan="21" rowSpan="1"/><hp:cellSz width="47749" height="2614"/><hp:cellMargin left="141" right="141" top="141" bottom="141"/></hp:tc></hp:tr></hp:tbl><hp:t/></hp:run><hp:linesegarray><hp:lineseg textpos="0" vertpos="0" vertsize="77845" textheight="77845" baseline="66168" spacing="0" horzpos="0" horzsize="48188" flags="393216"/></hp:linesegarray></hp:p></hs:sec>